query_key,query,geocoder,lat,lon,display_name_geocoder,geocode_status,geocode_source,match_level,relevance,isla_esperada,validated_in_island
21d14ebdc0165ac4,"C/ ADEJE, Nº 35, Adeje, TENERIFE, Santa Cruz de Tenerife, Canarias, Espana",nominatim,28.1010971,-16.711465,"Camino Viejo de Adeje, Fañabé, Miraverde, Adeje, Santa Cruz de Tenerife, Canarias, 38670, España",ok,nominatim,direccion_completa,0.05338755855649649,TENERIFE,TRUE
2ba8f48c0cb4db2c,"AVDA. ROSA DE LOS VIENTOS, 16, Adeje, TENERIFE, Santa Cruz de Tenerife, Canarias, Espana",nominatim,,,,not_found,nominatim,direccion_completa,,TENERIFE,
f62e07b47174127c,"Adeje, TENERIFE, Santa Cruz de Tenerife, Canarias, Espana",nominatim,28.1394395,-16.7394564,"Adeje, Santa Cruz de Tenerife, Canarias, España",ok,nominatim,municipio_isla,0.4748479925653225,TENERIFE,TRUE
382056d8ee4f32e5,"C/ RAFAEL CLAVIJO GARCÍA, 11, Arafo, TENERIFE, Santa Cruz de Tenerife, Canarias, Espana",nominatim,28.3414416,-16.4173344,"Calle Rafael Clavijo García, Cosme, Arafo, Santa Cruz de Tenerife, Canarias, 38550, España",ok,nominatim,direccion_completa,0.05338544823376818,TENERIFE,TRUE
5b8cf84358f4a18b,"C/ VISTA EL BALO-ICOR, S/N, Arico, TENERIFE, Santa Cruz de Tenerife, Canarias, Espana",nominatim,,,,not_found,nominatim,direccion_completa,,TENERIFE,
38e843fb5c6abd22,"Arico, TENERIFE, Santa Cruz de Tenerife, Canarias, Espana",nominatim,28.190527,-16.49776,"Arico, Santa Cruz de Tenerife, Canarias, España",ok,nominatim,municipio_isla,0.45219581606325543,TENERIFE,TRUE
eb106d253cbf54a9,"AVDA. JUAN CARLOS I, 22, Arona, TENERIFE, Santa Cruz de Tenerife, Canarias, Espana",nominatim,28.0509046,-16.7130829,"Avenida de Juan Carlos I, Oasis del Sur, Los Cristianos, Arona, Santa Cruz de Tenerife, Canarias, 38650, España",ok,nominatim,direccion_completa,0.05338742885481037,TENERIFE,TRUE
e51b75a66aae6cf1,"C/ EL HORNO, Nº 4, BUENA VISTA DEL NORTE, TENERIFE, Santa Cruz de Tenerife, Canarias, Espana",nominatim,,,,not_found,nominatim,direccion_completa,,TENERIFE,
388d39dd26b57954,"BUENA VISTA DEL NORTE, TENERIFE, Santa Cruz de Tenerife, Canarias, Espana",nominatim,,,,not_found,nominatim,municipio_isla,,TENERIFE,
d0d6c01a7458d422,"TENERIFE, Santa Cruz de Tenerife, Canarias, Espana",nominatim,28.467178,-16.2507843,"Santa Cruz de Tenerife, Canarias, España",ok,nominatim,isla,0.601592458766793,TENERIFE,TRUE
87f2bd84e65a26c8,"C/ FRANCISCO GARBOTE GARCÍA, Nº 3, Candelaria, TENERIFE, Santa Cruz de Tenerife, Canarias, Espana",nominatim,,,,not_found,nominatim,direccion_completa,,TENERIFE,
876e9945474f485a,"Candelaria, TENERIFE, Santa Cruz de Tenerife, Canarias, Espana",nominatim,28.3769822,-16.3982985,"Candelaria, Santa Cruz de Tenerife, Canarias, España",ok,nominatim,municipio_isla,0.4658967854999311,TENERIFE,TRUE
220589cc375daf64,"AVDA. MARÍTIMA 194, Candelaria, TENERIFE, Santa Cruz de Tenerife, Canarias, Espana",nominatim,28.3821096,-16.362174,"Avenida Marítima, Arigoña, Candelaria, Santa Cruz de Tenerife, Canarias, 38520, España",ok,nominatim,direccion_completa,0.05338676966506443,TENERIFE,TRUE
002758fc6d89c75c,"C/ CASERÍO LLANO BLANCO, S/N, El Rosario, TENERIFE, Santa Cruz de Tenerife, Canarias, Espana",nominatim,,,,not_found,nominatim,direccion_completa,,TENERIFE,
ef34429524124644,"El Rosario, TENERIFE, Santa Cruz de Tenerife, Canarias, Espana",nominatim,28.4325451,-16.3684291,"El Rosario, Santa Cruz de Tenerife, Canarias, España",ok,nominatim,municipio_isla,0.451002635676121,TENERIFE,TRUE
2f224f75c4e94b5f,"C/ SAN ELCANO, 2, El Rosario, TENERIFE, Santa Cruz de Tenerife, Canarias, Espana",nominatim,,,,not_found,nominatim,direccion_completa,,TENERIFE,
e4df70dcd6072fed,"C/ PEDRO JULIÁN DE ARMAS, Nº 9, El Sauzal, TENERIFE, Santa Cruz de Tenerife, Canarias, Espana",nominatim,,,,not_found,nominatim,direccion_completa,,TENERIFE,
1e5e96c1dcea74c7,"El Sauzal, TENERIFE, Santa Cruz de Tenerife, Canarias, Espana",nominatim,28.4505705,-16.4209055,"El Sauzal, Santa Cruz de Tenerife, Canarias, España",ok,nominatim,municipio_isla,0.4520643089223901,TENERIFE,TRUE
8298ddd569640860,"C/ EMILIANO DÍAZ CASTRO, Nº 13, Fasnia, TENERIFE, Santa Cruz de Tenerife, Canarias, Espana",nominatim,28.2358055,-16.4400425,"Calle Emiliano Díaz Castro, Fasnia, Santa Cruz de Tenerife, Canarias, 38570, España",ok,nominatim,direccion_completa,0.053385237659266,TENERIFE,TRUE
d2033b5677cdb599,"C/ PLAZA SANTO DOMINGO, 1, Garachico, TENERIFE, Santa Cruz de Tenerife, Canarias, Espana",nominatim,,,,not_found,nominatim,direccion_completa,,TENERIFE,
19b815259bf1bb81,"Garachico, TENERIFE, Santa Cruz de Tenerife, Canarias, Espana",nominatim,28.3266196,-16.75198,"Garachico, Santa Cruz de Tenerife, Canarias, España",ok,nominatim,municipio_isla,0.45904993504418296,TENERIFE,TRUE
1137043d215c6953,"C/ SALTADERO, Nº 28, SAN ISIDRO, Granadilla de Abona, TENERIFE, Santa Cruz de Tenerife, Canarias, Espana",nominatim,28.0711761,-16.5586144,"Calle el Saltadero, Chuchurumbache, San Isidro, Castro, Granadilla de Abona, Santa Cruz de Tenerife, Canarias, 38611, España",ok,nominatim,direccion_completa,0.05338696955825128,TENERIFE,TRUE
2b65e3230bbe9d37,"C/ ÁNGEL AROCHA, 42-44 - CHIMICHE, Granadilla de Abona, TENERIFE, Santa Cruz de Tenerife, Canarias, Espana",nominatim,28.1316127,-16.5294328,"Calle Ángel Arocha, Chimiche, Granadilla de Abona, Santa Cruz de Tenerife, Canarias, 38594, España",ok,nominatim,direccion_completa,0.05338696955825128,TENERIFE,TRUE
c7f55dcb6f6d7bcf,"C/ HERNÁN CORTÉS Nº 6, Güímar, TENERIFE, Santa Cruz de Tenerife, Canarias, Espana",nominatim,28.2959188,-16.37613,"Calle Hernán Cortés, Urbanización Las Palmeras, Puertito de Güímar, Güímar, Santa Cruz de Tenerife, Canarias, 38508, España",ok,nominatim,direccion_completa,0.05338703212024105,TENERIFE,TRUE
a3cba8ad1afe4036,"C/ SAN ANTONIO Nº 7, Icod de los Vinos, TENERIFE, Santa Cruz de Tenerife, Canarias, Espana",nominatim,28.3635128,-16.7194295,"Calle San Antonio, San Antonio, Boquín, Icod de los Vinos, Santa Cruz de Tenerife, Canarias, 38430, España",ok,nominatim,direccion_completa,0.05338706721599142,TENERIFE,TRUE
1dd4212c09cd2c17,"CAMINO EL CARDONAL, S/N, Icod de los Vinos, TENERIFE, Santa Cruz de Tenerife, Canarias, Espana",nominatim,28.3829052,-16.6978556,"Camino el Cardonal, El Empalme, La Mancha, Icod de los Vinos, Santa Cruz de Tenerife, Canarias, 38434, España",ok,nominatim,direccion_completa,0.05338706721599142,TENERIFE,TRUE
f25c5696cfd3d619,"C/ CAMINO DE LAS GAVIOTAS, Nº 22 (BUEN PASO), Icod de los Vinos, TENERIFE, Santa Cruz de Tenerife, Canarias, Espana",nominatim,,,,not_found,nominatim,direccion_completa,,TENERIFE,
629d0332dc091652,"Icod de los Vinos, TENERIFE, Santa Cruz de Tenerife, Canarias, Espana",nominatim,28.3330922,-16.6915591,"Icod de los Vinos, Santa Cruz de Tenerife, Canarias, España",ok,nominatim,municipio_isla,0.46449644112233346,TENERIFE,TRUE
46eb6093f11b1718,"C/ SOLÍTICA, S/N, La Guancha, TENERIFE, Santa Cruz de Tenerife, Canarias, Espana",nominatim,,,,not_found,nominatim,direccion_completa,,TENERIFE,
cfd60d34b89b4ba9,"La Guancha, TENERIFE, Santa Cruz de Tenerife, Canarias, Espana",nominatim,28.3508624,-16.644864,"La Guancha, Santa Cruz de Tenerife, Canarias, 38440, España",ok,nominatim,municipio_isla,0.4464316739459015,TENERIFE,TRUE
60aa031348d0d937,"AVDA 8 DE AGOSTO C/ PESCADORES, 2 – SANTO DOMINGO, La Guancha, TENERIFE, Santa Cruz de Tenerife, Canarias, Espana",nominatim,,,,not_found,nominatim,direccion_completa,,TENERIFE,
dc6ba3348fc1c902,"CALLE REAL, 232, La Matanza de Acentejo, TENERIFE, Santa Cruz de Tenerife, Canarias, Espana",nominatim,28.445828,-16.4568016,"Calle Real, Guía, Tío Andrés, La Matanza de Acentejo, Santa Cruz de Tenerife, Canarias, 38370, España",ok,nominatim,direccion_completa,0.0533856374456397,TENERIFE,TRUE
50693d0a4a891144,"C/ CALVARIO, Nº 41 PLAZA DE SAN SEBASTIÁN, La Orotava, TENERIFE, Santa Cruz de Tenerife, Canarias, Espana",nominatim,,,,not_found,nominatim,direccion_completa,,TENERIFE,
7f21c665d30d581e,"La Orotava, TENERIFE, Santa Cruz de Tenerife, Canarias, Espana",nominatim,28.3898829,-16.5235692,"La Orotava, Santa Cruz de Tenerife, Canarias, España",ok,nominatim,municipio_isla,0.4834592678373481,TENERIFE,TRUE
dd10a34bf9f4d866,"C/ PILOTO, 82, Los Realejos, TENERIFE, Santa Cruz de Tenerife, Canarias, Espana",nominatim,28.3835223,-16.5824953,"Calle Piloto, San Benito, La Carrera, Los Realejos, Santa Cruz de Tenerife, Canarias, 38419, España",ok,nominatim,direccion_completa,0.05338719386587316,TENERIFE,TRUE
c24a9f13305ce6da,"C/ PLACETA DE LA CONSTITUCIÓN, Nº 6, Los Silos, TENERIFE, Santa Cruz de Tenerife, Canarias, Espana",nominatim,,,,not_found,nominatim,direccion_completa,,TENERIFE,
2fdb8f8fdb126a50,"Los Silos, TENERIFE, Santa Cruz de Tenerife, Canarias, Espana",nominatim,28.3523468,-16.8142516,"Los Silos, Santa Cruz de Tenerife, Canarias, España",ok,nominatim,municipio_isla,0.448479523260135,TENERIFE,TRUE
a1d08c6b36525fb9,"C/ BREZOS, Nº 19, URB. LA PAZ, Puerto de la Cruz, TENERIFE, Santa Cruz de Tenerife, Canarias, Espana",nominatim,,,,not_found,nominatim,direccion_completa,,TENERIFE,
c72a92535c726620,"Puerto de la Cruz, TENERIFE, Santa Cruz de Tenerife, Canarias, Espana",nominatim,28.4159024,-16.5532956,"Puerto de la Cruz, Santa Cruz de Tenerife, Canarias, 38400, España",ok,nominatim,municipio_isla,0.4964306539018539,TENERIFE,TRUE
489068180879cfe3,"C/ COLOGÁN, Nº 19, Puerto de la Cruz, TENERIFE, Santa Cruz de Tenerife, Canarias, Espana",nominatim,28.4153575,-16.5483576,"Calle Cólogan, La Ranilla, San Fernando, Las Dehesas, Puerto de la Cruz, Santa Cruz de Tenerife, Canarias, 38400, España",ok,nominatim,direccion_completa,0.05338934386205841,TENERIFE,TRUE
a03b4b8c155e5ca9,"CRTA. GENERAL LAS DEHESAS, Nº 127, Puerto de la Cruz, TENERIFE, Santa Cruz de Tenerife, Canarias, Espana",nominatim,,,,not_found,nominatim,direccion_completa,,TENERIFE,
89db7863b1b66d2b,"ALEMANIA 11 URB. SAN FERNANDO, Puerto de la Cruz, TENERIFE, Santa Cruz de Tenerife, Canarias, Espana",nominatim,,,,not_found,nominatim,direccion_completa,,TENERIFE,
24d6f6fc5a90582d,"C/ AGUSTIN DE BETHENCOURT, 22, Puerto de la Cruz, TENERIFE, Santa Cruz de Tenerife, Canarias, Espana",nominatim,,,,not_found,nominatim,direccion_completa,,TENERIFE,
cfa0b68aec16a60c,"C/ IRIARTE, 8, Puerto de la Cruz, TENERIFE, Santa Cruz de Tenerife, Canarias, Espana",nominatim,28.4161095,-16.5464868,"Calle Iriarte, La Ranilla, San Fernando, Las Dehesas, Puerto de la Cruz, Santa Cruz de Tenerife, Canarias, 38400, España",ok,nominatim,direccion_completa,0.05338934386205841,TENERIFE,TRUE
2bbe790e6e7b5dfa,"URBANIZACIÓN EL GRAMAL Nº 1, San Cristóbal de La Laguna, TENERIFE, Santa Cruz de Tenerife, Canarias, Espana",nominatim,28.4496221,-16.3108452,"Urbanización Los Bardinos, El Gramal, Taco, San Cristóbal de La Laguna, Santa Cruz de Tenerife, Canarias, 38108, España",ok,nominatim,direccion_completa,0.0533985465781643,TENERIFE,TRUE
88f93e68eb56be1b,"C/ SAN FRANCISCO DE PAULA 83 FINCA EL CURA 3., San Cristóbal de La Laguna, TENERIFE, Santa Cruz de Tenerife, Canarias, Espana",nominatim,,,,not_found,nominatim,direccion_completa,,TENERIFE,
3d29b04931850896,"San Cristóbal de La Laguna, TENERIFE, Santa Cruz de Tenerife, Canarias, Espana",nominatim,28.4857715,-16.3159422,"San Cristóbal de La Laguna, Santa Cruz de Tenerife, Canarias, España",ok,nominatim,municipio_isla,0.5667547048013639,TENERIFE,TRUE
f0d1eca51c417d4f,"C/ CRTA- GENERAL SANTA CRUZ, Nº 61, San Cristóbal de La Laguna, TENERIFE, Santa Cruz de Tenerife, Canarias, Espana",nominatim,,,,not_found,nominatim,direccion_completa,,TENERIFE,
da5cc722f45ff786,"C/ NAVA Y GRIMÓN, Nº 28, San Cristóbal de La Laguna, TENERIFE, Santa Cruz de Tenerife, Canarias, Espana",nominatim,28.4900934,-16.3130922,"Calle Nava y Grimón, San Roque, La Cuesta, San Cristóbal de La Laguna, Santa Cruz de Tenerife, Canarias, 38201, España",ok,nominatim,direccion_completa,0.05339575265125502,TENERIFE,TRUE
c9412f2c241fc67b,"URBANIZACIÓN SAN DIEGO,5, San Cristóbal de La Laguna, TENERIFE, Santa Cruz de Tenerife, Canarias, Espana",nominatim,28.5013826,-16.3251925,"Urbanización San Diego, La Manzanilla, La Cuesta, San Cristóbal de La Laguna, Santa Cruz de Tenerife, Canarias, 38206, España",ok,nominatim,direccion_completa,0.05339575265125502,TENERIFE,TRUE
3a42554c8d4ea4c5,"C/ NAVA Y GRIMON, 28, San Cristóbal de La Laguna, TENERIFE, Santa Cruz de Tenerife, Canarias, Espana",nominatim,28.4900934,-16.3130922,"Calle Nava y Grimón, San Roque, La Cuesta, San Cristóbal de La Laguna, Santa Cruz de Tenerife, Canarias, 38201, España",ok,nominatim,direccion_completa,0.05339575265125502,TENERIFE,TRUE
2e42ef3105718f90,"C/ VIANA, 64, San Cristóbal de La Laguna, TENERIFE, Santa Cruz de Tenerife, Canarias, Espana",nominatim,28.492002,-16.3127712,"64, Calle Viana, San Roque, La Cuesta, San Cristóbal de La Laguna, Santa Cruz de Tenerife, Canarias, 38201, España",ok,nominatim,direccion_completa,6.2419317921675707e-05,TENERIFE,TRUE
b101bce7927c14ec,"C/ ADEJE,35 B. DE LA SALUD ALTO, San Cristóbal de La Laguna, TENERIFE, Santa Cruz de Tenerife, Canarias, Espana",nominatim,,,,not_found,nominatim,direccion_completa,,TENERIFE,
79c7c016902d0859,"C/ PALENZUELA -TEJINA, Nº 37, San Cristóbal de La Laguna, TENERIFE, Santa Cruz de Tenerife, Canarias, Espana",nominatim,,,,not_found,nominatim,direccion_completa,,TENERIFE,
ce3e7efe4512566d,"C/ EL ROSARIO, S/N, San Juan de la Rambla, TENERIFE, Santa Cruz de Tenerife, Canarias, Espana",nominatim,28.3802776,-16.6462555,"Calle el Rosario, Los Quevedos, San José, San Juan de la Rambla, Santa Cruz de Tenerife, Canarias, 38420, España",ok,nominatim,direccion_completa,0.05338463950560766,TENERIFE,TRUE
10cb074418c93565,"C/ MERCEDEZ MACHADO,1, Santa Cruz de Tenerife, TENERIFE, Santa Cruz de Tenerife, Canarias, Espana",nominatim,,,,not_found,nominatim,direccion_completa,,TENERIFE,
991c354f36d01624,"Santa Cruz de Tenerife, TENERIFE, Santa Cruz de Tenerife, Canarias, Espana",nominatim,28.467178,-16.2507843,"Santa Cruz de Tenerife, Canarias, España",ok,nominatim,municipio_isla,0.601592458766793,TENERIFE,TRUE
ec27955c14358b5e,"CTRA. GRAL. SANTA CRUZ - LA LAGUNA, Nº 48, Santa Cruz de Tenerife, TENERIFE, Santa Cruz de Tenerife, Canarias, Espana",nominatim,,,,not_found,nominatim,direccion_completa,,TENERIFE,
0a3eb5a1b8227791,"C/ SANTA MARIA SOLEDAD, 12, Santa Cruz de Tenerife, TENERIFE, Santa Cruz de Tenerife, Canarias, Espana",nominatim,28.4582452,-16.2876564,"Calle Santa María Soledad, César Casariego, Vistabella, Ofra-Costa Sur, Santa Cruz de Tenerife, Canarias, 38010, España",ok,nominatim,direccion_completa,0.05339575265125502,TENERIFE,TRUE
58cd6f0f299cdb46,"CTERA. SANTA CRUZ- LA LAGUNA, 61, Santa Cruz de Tenerife, TENERIFE, Santa Cruz de Tenerife, Canarias, Espana",nominatim,,,,not_found,nominatim,direccion_completa,,TENERIFE,
a3340dca98f892ec,"C/ COSTA Y GRIJALBA, Nº 30, Santa Cruz de Tenerife, TENERIFE, Santa Cruz de Tenerife, Canarias, Espana",nominatim,28.4701424,-16.2583827,"Calle Costa y Grijalba, Las Acacias, Zona Rambla, Centro-Ifara, Santa Cruz de Tenerife, Canarias, 38004, España",ok,nominatim,direccion_completa,0.0533985465781643,TENERIFE,TRUE
bc6efc75918cee74,"C/ MAYANTIGO, Nº 4, Santa Cruz de Tenerife, TENERIFE, Santa Cruz de Tenerife, Canarias, Espana",nominatim,28.4749288,-16.2974674,"Calle Mayantigo, El Coralito, Finca España, La Cuesta, San Cristóbal de La Laguna, Santa Cruz de Tenerife, Canarias, 38329, España",ok,nominatim,direccion_completa,0.05339575265125502,TENERIFE,TRUE
e4c633125e47eb05,"C/ DOMINGO J. MANRIQUE, 2., Santa Cruz de Tenerife, TENERIFE, Santa Cruz de Tenerife, Canarias, Espana",nominatim,28.4706639,-16.2801736,"Calle Domingo J Manrique, Salud Alto, La Salud, Salud-La Salle, Santa Cruz de Tenerife, Canarias, 38008, España",ok,nominatim,direccion_completa,0.0533985465781643,TENERIFE,TRUE
339831b8aeca9096,"C/ PADRE JULIÁN ARMAS 9-14, Santa Cruz de Tenerife, TENERIFE, Santa Cruz de Tenerife, Canarias, Espana",nominatim,,,,not_found,nominatim,direccion_completa,,TENERIFE,
cf52867112fb309f,"C/ ANDRÉS OROZCO BATISTA, 20, Santa Cruz de Tenerife, TENERIFE, Santa Cruz de Tenerife, Canarias, Espana",nominatim,28.3421437,-16.4231908,"20, Calle Andrés Orozco Batista, Cosme, Arafo, Santa Cruz de Tenerife, Canarias, 38550, España",ok,nominatim,direccion_completa,5.211490043483661e-5,TENERIFE,TRUE
a9066770b7cbc0ac,"C/ GALCERÁN, 10, Santa Cruz de Tenerife, TENERIFE, Santa Cruz de Tenerife, Canarias, Espana",nominatim,28.4666018,-16.2562091,"Calle Galcerán, Las Acacias, Duggi, Centro-Ifara, Santa Cruz de Tenerife, Canarias, 38004, España",ok,nominatim,direccion_completa,0.0533985465781643,TENERIFE,TRUE
c03457360bf05c1f,"C/ SAN FELIPE, Nº 5, Santa Cruz de Tenerife, TENERIFE, Santa Cruz de Tenerife, Canarias, Espana",nominatim,28.4167602,-16.5523475,"Calle San Felipe, La Ranilla, San Fernando, Las Dehesas, Puerto de la Cruz, Santa Cruz de Tenerife, Canarias, 38400, España",ok,nominatim,direccion_completa,0.05338934386205841,TENERIFE,TRUE
c956ca67e90fe22c,"C/ RAMBLA SANTA CRUZ, Nº 93, Santa Cruz de Tenerife, TENERIFE, Santa Cruz de Tenerife, Canarias, Espana",nominatim,28.4701587,-16.2756354,"Calle San Juan de la Rambla, Salud Alto, La Salud, Salud-La Salle, Santa Cruz de Tenerife, Canarias, 38008, España",ok,nominatim,direccion_completa,0.0533985465781643,TENERIFE,TRUE
875bccfd17a63b3a,"C/ JUAN DE MIRANDA, Nº 10, Santa Cruz de Tenerife, TENERIFE, Santa Cruz de Tenerife, Canarias, Espana",nominatim,28.4656434,-16.265219600000002,"Calle Juan de Miranda, El Chapatal, Buenavista, Salud-La Salle, Santa Cruz de Tenerife, Canarias, 38006, España",ok,nominatim,direccion_completa,0.0533985465781643,TENERIFE,TRUE
2f74a835419fe171,"C/ AMÉRICA GONZÁLEZ S/N, Santa Cruz de Tenerife, TENERIFE, Santa Cruz de Tenerife, Canarias, Espana",nominatim,,,,not_found,nominatim,direccion_completa,,TENERIFE,
e4dcc3f74b770f26,"C/ POETA RAMÓN GIL ROLDÁN, 3, Santa Cruz de Tenerife, TENERIFE, Santa Cruz de Tenerife, Canarias, Espana",nominatim,,,,not_found,nominatim,direccion_completa,,TENERIFE,
0f1addc1a5076730,"PASEO ESCUELAS PÍAS, 25, Santa Cruz de Tenerife, TENERIFE, Santa Cruz de Tenerife, Canarias, Espana",nominatim,28.4727931,-16.2586981,"Paseo de las Escuelas Pías, Las Acacias, Las Mimosas, Centro-Ifara, Santa Cruz de Tenerife, Canarias, 38004, España",ok,nominatim,direccion_completa,0.0533985465781643,TENERIFE,TRUE
d2512a8d5cc3c801,"C/ ANTIGUA CRTA. DE LA CORUJERA, 118, Santa Úrsula, TENERIFE, Santa Cruz de Tenerife, Canarias, Espana",nominatim,,,,not_found,nominatim,direccion_completa,,TENERIFE,
2d2b6e4a80429f05,"Santa Úrsula, TENERIFE, Santa Cruz de Tenerife, Canarias, Espana",nominatim,28.4061767,-16.4799173,"Santa Úrsula, Santa Cruz de Tenerife, Canarias, España",ok,nominatim,municipio_isla,0.4508016415516702,TENERIFE,TRUE
fc49e19d817152c9,"C/ CATALINA DE LORENZO CÁCERES Y CERÓN, 11, Santiago del Teide, TENERIFE, Santa Cruz de Tenerife, Canarias, Espana",nominatim,,,,not_found,nominatim,direccion_completa,,TENERIFE,
f535c63b037a9ab9,"Santiago del Teide, TENERIFE, Santa Cruz de Tenerife, Canarias, Espana",nominatim,28.2706986,-16.8164665,"Santiago del Teide, Santa Cruz de Tenerife, Canarias, España",ok,nominatim,municipio_isla,0.4542647907829187,TENERIFE,TRUE
f4415cb38f20472a,"C/ EL PATRONATO, Nº 3, Tacoronte, TENERIFE, Santa Cruz de Tenerife, Canarias, Espana",nominatim,28.4780643,-16.4136958,"Calle el Patronato, Las Higueras, Tacoronte, Santa Cruz de Tenerife, Canarias, 38350, España",ok,nominatim,direccion_completa,0.05338606012054624,TENERIFE,TRUE
00ff2656e4b05f0d,"C/ CAMINO TRAZO, 7, Tacoronte, TENERIFE, Santa Cruz de Tenerife, Canarias, Espana",nominatim,,,,not_found,nominatim,direccion_completa,,TENERIFE,
d8b0e6a21cbb343d,"Tacoronte, TENERIFE, Santa Cruz de Tenerife, Canarias, Espana",nominatim,28.478974,-16.397723,"Tacoronte, Santa Cruz de Tenerife, Canarias, España",ok,nominatim,municipio_isla,0.4581564623302775,TENERIFE,TRUE
ed748f837274b6e8,"C/ CRTA. GENERAL PORTEZUELO, 88 LAS TOSCAS, Tegueste, TENERIFE, Santa Cruz de Tenerife, Canarias, Espana",nominatim,,,,not_found,nominatim,direccion_completa,,TENERIFE,
ae86d1cd928ce3ef,"Tegueste, TENERIFE, Santa Cruz de Tenerife, Canarias, Espana",nominatim,28.5180023,-16.3357755,"Tegueste, Santa Cruz de Tenerife, Canarias, España",ok,nominatim,municipio_isla,0.4538177546844028,TENERIFE,TRUE
163bf51d66d28b9c,"CALLE CURATO S/N, Hermigua, LA GOMERA, Santa Cruz de Tenerife, Canarias, Espana",nominatim,,,,not_found,nominatim,direccion_completa,,LA GOMERA,
d10218230a929636,"Hermigua, LA GOMERA, Santa Cruz de Tenerife, Canarias, Espana",nominatim,,,,not_found,nominatim,municipio_isla,,LA GOMERA,
1592c331590a51ac,"LA GOMERA, Santa Cruz de Tenerife, Canarias, Espana",nominatim,28.1192356,-17.2257471,"La Gomera, Santa Cruz de Tenerife, Canarias, España",ok,nominatim,isla,0.5338351742934637,LA GOMERA,TRUE
d878e84c826a80bc,"C/ LAS TRINCHERAS, S/N, Alajeró, LA GOMERA, Santa Cruz de Tenerife, Canarias, Espana",nominatim,,,,not_found,nominatim,direccion_completa,,LA GOMERA,
8c081f73ea325acf,"Alajeró, LA GOMERA, Santa Cruz de Tenerife, Canarias, Espana",nominatim,,,,not_found,nominatim,municipio_isla,,LA GOMERA,
06d03f1215f38f38,"C/ PROFESOR ARMAS FERNÁNDEZ, 4, San Sebastián de la Gomera, LA GOMERA, Santa Cruz de Tenerife, Canarias, Espana",nominatim,,,,not_found,nominatim,direccion_completa,,LA GOMERA,
3b5f34d234218146,"San Sebastián de la Gomera, LA GOMERA, Santa Cruz de Tenerife, Canarias, Espana",nominatim,28.0908579,-17.1078347,"Parador de La Gomera, Calle Náutico, San Sebastián de la Gomera, Santa Cruz de Tenerife, Canarias, 38800, España",ok,nominatim,municipio_isla,1e-10,LA GOMERA,TRUE
b1aadca320f57ad5,"C/ LA ALAMEDA, 4, Valle Gran Rey, LA GOMERA, Santa Cruz de Tenerife, Canarias, Espana",nominatim,,,,not_found,nominatim,direccion_completa,,LA GOMERA,
555b01acb91cc785,"Valle Gran Rey, LA GOMERA, Santa Cruz de Tenerife, Canarias, Espana",nominatim,,,,not_found,nominatim,municipio_isla,,LA GOMERA,
8ac64c931d3751a2,"C/ LA VEGUETA, S/N, Vallehermoso, LA GOMERA, Santa Cruz de Tenerife, Canarias, Espana",nominatim,,,,not_found,nominatim,direccion_completa,,LA GOMERA,
bea6c7d5dc578d61,"Vallehermoso, LA GOMERA, Santa Cruz de Tenerife, Canarias, Espana",nominatim,,,,not_found,nominatim,municipio_isla,,LA GOMERA,
1e3cfb743c51c858,"C/ CAMINO EL BREZAL DE ARRIBA, 7 DEPENDENCIA ""NINA JAUBERT"", Breña Alta, LA PALMA, Santa Cruz de Tenerife, Canarias, Espana",nominatim,,,,not_found,nominatim,direccion_completa,,LA PALMA,
3c310bc845c56f85,"Breña Alta, LA PALMA, Santa Cruz de Tenerife, Canarias, Espana",nominatim,28.6701487,-17.8109473,"Zona de Especial Conservación Monteverde de Breña Alta, San Pedro de Breña Alta, Breña Alta, Santa Cruz de Tenerife, Canarias, España",ok,nominatim,municipio_isla,0.08005136720836191,LA PALMA,TRUE
c5b0aefb1587bb0f,"C/ MACHINES, 15, Garafía, LA PALMA, Santa Cruz de Tenerife, Canarias, Espana",nominatim,,,,not_found,nominatim,direccion_completa,,LA PALMA,
5041ccdd2e5100e6,"Garafía, LA PALMA, Santa Cruz de Tenerife, Canarias, Espana",nominatim,,,,not_found,nominatim,municipio_isla,,LA PALMA,
affc47959ee737dd,"LA PALMA, Santa Cruz de Tenerife, Canarias, Espana",nominatim,28.6551163,-17.8572686,"La Palma, Santa Cruz de Tenerife, Canarias, España",ok,nominatim,isla,0.5618336372790237,LA PALMA,TRUE
45f46f1fd76bb6a5,"C/ EL PINAR, 9, Puntagorda, LA PALMA, Santa Cruz de Tenerife, Canarias, Espana",nominatim,,,,not_found,nominatim,direccion_completa,,LA PALMA,
ba0cda5432ce84ae,"Puntagorda, LA PALMA, Santa Cruz de Tenerife, Canarias, Espana",nominatim,28.5131235,-17.832424,"Puntagorda, Fuencaliente de La Palma, Santa Cruz de Tenerife, Canarias, 38749, España",ok,nominatim,municipio_isla,0.06671796520943007,LA PALMA,TRUE
ef528ae76c5f371a,"C/ CRUZ HERRERA, 16, Puntallana, LA PALMA, Santa Cruz de Tenerife, Canarias, Espana",nominatim,,,,not_found,nominatim,direccion_completa,,LA PALMA,
6195a3b3b841af8a,"Puntallana, LA PALMA, Santa Cruz de Tenerife, Canarias, Espana",nominatim,,,,not_found,nominatim,municipio_isla,,LA PALMA,
2cebd7ad206adbe8,"C/ CIRO GONZÁLEZ, 7 A, San Andrés y Sauces, LA PALMA, Santa Cruz de Tenerife, Canarias, Espana",nominatim,,,,not_found,nominatim,direccion_completa,,LA PALMA,
5d49ca283a289156,"San Andrés y Sauces, LA PALMA, Santa Cruz de Tenerife, Canarias, Espana",nominatim,28.793743,-17.7651634,"Carretera Insular a San Andrés, San Andrés, Verada de Las Lomadas, Puerto Espíndola, San Andrés y Sauces, Santa Cruz de Tenerife, Canarias, 38729, España",ok,nominatim,municipio_isla,0.05338470054169524,LA PALMA,TRUE
acc7fd3adb495cc0,"LOMO CENTRO -CRTA. LAS NIEVES, 26, Santa Cruz de la Palma, LA PALMA, Santa Cruz de Tenerife, Canarias, Espana",nominatim,,,,not_found,nominatim,direccion_completa,,LA PALMA,
e7cf9e934eb20f0b,"Santa Cruz de la Palma, LA PALMA, Santa Cruz de Tenerife, Canarias, Espana",nominatim,28.6840051,-17.7626951,"Santa Cruz de La Palma, Casco Antiguo, Santa Cruz de La Palma, Santa Cruz de Tenerife, Canarias, España",ok,nominatim,municipio_isla,0.10671803387502858,LA PALMA,TRUE
7beb667aa314e452,"C/ SAN VICENTE DE PAÚL I, SANTA CRUZ DELA PALMA, LA PALMA, Santa Cruz de Tenerife, Canarias, Espana",nominatim,,,,not_found,nominatim,direccion_completa,,LA PALMA,
cae8035b61c55a8b,"SANTA CRUZ DELA PALMA, LA PALMA, Santa Cruz de Tenerife, Canarias, Espana",nominatim,,,,not_found,nominatim,municipio_isla,,LA PALMA,
25ff26469572ae6a,"CARRETERA DEL PUERTO, 2, Tazacorte, LA PALMA, Santa Cruz de Tenerife, Canarias, Espana",nominatim,,,,not_found,nominatim,direccion_completa,,LA PALMA,
403c9ea1eb86eff0,"Tazacorte, LA PALMA, Santa Cruz de Tenerife, Canarias, Espana",nominatim,,,,not_found,nominatim,municipio_isla,,LA PALMA,
7225b475a5df55c6,"CALLE PATRICIO CABRERA S/N, El Pinar de El Hierro, EL HIERRO, Santa Cruz de Tenerife, Canarias, Espana",nominatim,27.7076561,-17.9788267,"Calle Patricio Cabrera, El Gusano, El Pinar, El Pinar de El Hierro, Santa Cruz de Tenerife, Canarias, 38914, España",ok,nominatim,direccion_completa,0.05338258258945598,EL HIERRO,TRUE
c661900a6d89d3c7,"CAMINO LOS VALLES, 6, Valverde, EL HIERRO, Santa Cruz de Tenerife, Canarias, Espana",nominatim,,,,not_found,nominatim,direccion_completa,,EL HIERRO,
c95f3b56f92ebdc8,"Valverde, EL HIERRO, Santa Cruz de Tenerife, Canarias, Espana",nominatim,,,,not_found,nominatim,municipio_isla,,EL HIERRO,
6da29520d6f0ddd6,"EL HIERRO, Santa Cruz de Tenerife, Canarias, Espana",nominatim,27.7435084,-18.0381796,"El Hierro, Santa Cruz de Tenerife, Canarias, España",ok,nominatim,isla,0.523638970478237,EL HIERRO,TRUE
c72d34fed82b964a,"C/ TENESOR SEMIDAN, Nº 150 CRUCE DE ARINAGA, Agüimes, GRAN CANARIA, Las Palmas, Canarias, Espana",nominatim,,,,not_found,nominatim,direccion_completa,,GRAN CANARIA,
811c5293489b0c22,"Agüimes, GRAN CANARIA, Las Palmas, Canarias, Espana",nominatim,28.1073535,-15.5627454,"Agüimes, Paseo de Gran Canaria, El Risco, La Palmilla, Firgas, Las Palmas, Canarias, 35430, España",ok,nominatim,municipio_isla,4.9795529106538754e-5,GRAN CANARIA,TRUE
b87241c4ffc341fa,"C/ PASEO DE LA VIÑUELA, 4, Agüimes, GRAN CANARIA, Las Palmas, Canarias, Espana",nominatim,,,,not_found,nominatim,direccion_completa,,GRAN CANARIA,
b50c37cfd8b4135e,"C/ CAMINO DE LA CUEVITA, 13 ARTENARA ARUCAS CENTRO SOCIOSANITARIO DE ARUCAS 928 633 089 54 PLAZAS/CENRO DE DÍA C/DR.PEDRO HERNÁNDEZ PÉREZ,Nº2, Artenara, GRAN CANARIA, Las Palmas, Canarias, Espana",nominatim,,,,not_found,nominatim,direccion_completa,,GRAN CANARIA,
010a17982208c15f,"Artenara, GRAN CANARIA, Las Palmas, Canarias, Espana",nominatim,28.1073626,-15.5627337,"Artenara, Paseo de Gran Canaria, El Risco, La Palmilla, Firgas, Las Palmas, Canarias, 35430, España",ok,nominatim,municipio_isla,4.9795529106538754e-5,GRAN CANARIA,TRUE
4d9caf35d5a498e3,"PLAZOLETA HERNANDO DE PINEDA, Nº 9, Arucas, GRAN CANARIA, Las Palmas, Canarias, Espana",nominatim,,,,not_found,nominatim,direccion_completa,,GRAN CANARIA,
956bdd942eace169,"Arucas, GRAN CANARIA, Las Palmas, Canarias, Espana",nominatim,28.1073728,-15.5627209,"Arucas, Paseo de Gran Canaria, El Risco, La Palmilla, Firgas, Las Palmas, Canarias, 35430, España",ok,nominatim,municipio_isla,4.9795529106538754e-5,GRAN CANARIA,TRUE
1f6aa77360b12b30,"C/ ARGENTINA, S/N - BARRIAL, Gáldar, GRAN CANARIA, Las Palmas, Canarias, Espana",nominatim,,,,not_found,nominatim,direccion_completa,,GRAN CANARIA,
ca186432ce3caca4,"Gáldar, GRAN CANARIA, Las Palmas, Canarias, Espana",nominatim,28.1073914,-15.5626972,"Gáldar, Paseo de Gran Canaria, El Risco, La Palmilla, Firgas, Las Palmas, Canarias, 35430, España",ok,nominatim,municipio_isla,4.9795529106538754e-5,GRAN CANARIA,TRUE
bd23ebdafdddad98,"C/ PÁRROCO JOSÉ PÉREZ RAMÍREZ, 1, Ingenio, GRAN CANARIA, Las Palmas, Canarias, Espana",nominatim,,,,not_found,nominatim,direccion_completa,,GRAN CANARIA,
2157cab795188436,"Ingenio, GRAN CANARIA, Las Palmas, Canarias, Espana",nominatim,28.1074009,-15.5626851,"Ingenio, Paseo de Gran Canaria, El Risco, La Palmilla, Firgas, Las Palmas, Canarias, 35430, España",ok,nominatim,municipio_isla,4.9795529106538754e-5,GRAN CANARIA,TRUE
855c8767ce574aab,"C/ LOS CASCAJOS, 12, La Aldea de San Nicolás, GRAN CANARIA, Las Palmas, Canarias, Espana",nominatim,,,,not_found,nominatim,direccion_completa,,GRAN CANARIA,
ae391116939274f5,"La Aldea de San Nicolás, GRAN CANARIA, Las Palmas, Canarias, Espana",nominatim,28.1074284,-15.562653,"La Aldea de San Nicolás, Paseo de Gran Canaria, El Risco, La Palmilla, Firgas, Las Palmas, Canarias, 35430, España",ok,nominatim,municipio_isla,4.9795529106538754e-5,GRAN CANARIA,TRUE
980310e352069a6d,"C/ PEROJO, Nº 14, Las Palmas de Gran Canaria, GRAN CANARIA, Las Palmas, Canarias, Espana",nominatim,28.1096913,-15.4193749,"Calle Perojo, Canalejas, Las Palmas de Gran Canaria, Las Palmas, Canarias, 35002, España",ok,nominatim,direccion_completa,0.053370929274433473,GRAN CANARIA,TRUE
7d26b870f62fb51c,"C/ LOMO DEL SABINAL, S/N, Las Palmas de Gran Canaria, GRAN CANARIA, Las Palmas, Canarias, Espana",nominatim,,,,not_found,nominatim,direccion_completa,,GRAN CANARIA,
a4320b7a6a24f48e,"Las Palmas de Gran Canaria, GRAN CANARIA, Las Palmas, Canarias, Espana",nominatim,28.1074382,-15.562644,"Las Palmas de Gran Canaria, Paseo de Gran Canaria, El Risco, La Palmilla, Firgas, Las Palmas, Canarias, 35430, España",ok,nominatim,municipio_isla,4.9795529106538754e-5,GRAN CANARIA,TRUE
73da56506901698c,"C/ SAN AGUSTÍN, Nº 3, 5 Y 7, Las Palmas de Gran Canaria, GRAN CANARIA, Las Palmas, Canarias, Espana",nominatim,,,,not_found,nominatim,direccion_completa,,GRAN CANARIA,
b49eb8604f8f22f3,"C/ ANGEL GUIMERÁ, 93, Las Palmas de Gran Canaria, GRAN CANARIA, Las Palmas, Canarias, Espana",nominatim,28.1159304,-15.4248047,"Calle Ángel Guimerá, Lugo, Las Palmas de Gran Canaria, Las Palmas, Canarias, 35004, España",ok,nominatim,direccion_completa,0.05339994888227661,GRAN CANARIA,TRUE
8dc92cbb2e5439d2,"C/ JUAN RAMÓN JIMÉNEZ, Nº 29, Las Palmas de Gran Canaria, GRAN CANARIA, Las Palmas, Canarias, Espana",nominatim,28.1181762,-15.4334696,"Calle Juan Ramón Jiménez, Escaleritas, Las Palmas de Gran Canaria, Las Palmas, Canarias, 35005, España",ok,nominatim,direccion_completa,0.05339994888227661,GRAN CANARIA,TRUE
8fee002f750299fa,"C/ MOLINO, Nº 77, B, TENOYA, Las Palmas de Gran Canaria, GRAN CANARIA, Las Palmas, Canarias, Espana",nominatim,,,,not_found,nominatim,direccion_completa,,GRAN CANARIA,
d2370dba4795f183,"C/ NARDO, Nº 8, Las Palmas de Gran Canaria, GRAN CANARIA, Las Palmas, Canarias, Espana",nominatim,28.1161687,-15.4506664,"Calle Nardo, Las Torres, Las Palmas de Gran Canaria, Las Palmas, Canarias, 35019, España",ok,nominatim,direccion_completa,0.05339994888227661,GRAN CANARIA,TRUE
bf97c7a471d0ab78,"CALLE MISTER BLISSE, S/N, Las Palmas de Gran Canaria, GRAN CANARIA, Las Palmas, Canarias, Espana",nominatim,28.1007735,-15.4179272,"Calle Mister Blisse, Triana, Las Palmas de Gran Canaria, Las Palmas, Canarias, 35001, España",ok,nominatim,direccion_completa,0.05339994888227661,GRAN CANARIA,TRUE
7a04cb7e460f80da,"C/ LOPEZ BOTAS, 10, Las Palmas de Gran Canaria, GRAN CANARIA, Las Palmas, Canarias, Espana",nominatim,28.0991887,-15.4157824,"Calle López Botas, Vegueta, Las Palmas de Gran Canaria, Las Palmas, Canarias, 35001, España",ok,nominatim,direccion_completa,0.05339994888227661,GRAN CANARIA,TRUE
6b5f917596bc1b65,"CARRETERA DEL CENTRO- TAFIRA BAJA, Las Palmas de Gran Canaria, GRAN CANARIA, Las Palmas, Canarias, Espana",nominatim,28.067733,-15.4561854,"Carretera del Centro GC-110, El Piquillo, Tafira Baja, Las Palmas de Gran Canaria, Las Palmas, Canarias, 35017, España",ok,nominatim,direccion_completa,0.05339994888227661,GRAN CANARIA,TRUE
90b2a34ce3419253,"PASEO DE LA CORNISA S/N, Las Palmas de Gran Canaria, GRAN CANARIA, Las Palmas, Canarias, Espana",nominatim,28.1237562,-15.434231,"Paseo de la Cornisa, Ciudad Jardin, Las Palmas de Gran Canaria, Las Palmas, Canarias, 35005, España",ok,nominatim,direccion_completa,0.05339994888227661,GRAN CANARIA,TRUE
5ac89a44e22c440b,"C/ GÓNGORA,8, Las Palmas de Gran Canaria, GRAN CANARIA, Las Palmas, Canarias, Espana",nominatim,28.1220956,-15.4310944,"Calle Góngora, Ciudad Jardin, Ciudad Jardín, Las Palmas de Gran Canaria, Las Palmas, Canarias, 35005, España",ok,nominatim,direccion_completa,0.05339994888227661,GRAN CANARIA,TRUE
88e91f737d4a8c39,"C/ LOPEZ DE VEGA, 17, Moya, GRAN CANARIA, Las Palmas, Canarias, Espana",nominatim,,,,not_found,nominatim,direccion_completa,,GRAN CANARIA,
548bea1e18687ff0,"Moya, GRAN CANARIA, Las Palmas, Canarias, Espana",nominatim,28.1074202,-15.5626616,"Moya, Paseo de Gran Canaria, El Risco, La Palmilla, Firgas, Las Palmas, Canarias, 35430, España",ok,nominatim,municipio_isla,4.9795529106538754e-5,GRAN CANARIA,TRUE
fcf71fed306774f8,"C/ SECUNDINO DELGADO S/N, San Bartolomé de Tirajana, GRAN CANARIA, Las Palmas, Canarias, Espana",nominatim,,,,not_found,nominatim,direccion_completa,,GRAN CANARIA,
5b9385b2034d4dea,"San Bartolomé de Tirajana, GRAN CANARIA, Las Palmas, Canarias, Espana",nominatim,28.1074497,-15.5626336,"San Bartolomé de Tirajana, Paseo de Gran Canaria, El Risco, La Palmilla, Firgas, Las Palmas, Canarias, 35430, España",ok,nominatim,municipio_isla,4.9795529106538754e-5,GRAN CANARIA,TRUE
bf44f51842653315,"C/ CAMINO LOS OLIVOS, Nº 1, Santa Brígida, GRAN CANARIA, Las Palmas, Canarias, Espana",nominatim,,,,not_found,nominatim,direccion_completa,,GRAN CANARIA,
db4942ddde0f49a8,"Santa Brígida, GRAN CANARIA, Las Palmas, Canarias, Espana",nominatim,28.1074603,-15.5626253,"Santa Brígida, Paseo de Gran Canaria, El Risco, La Palmilla, Firgas, Las Palmas, Canarias, 35430, España",ok,nominatim,municipio_isla,4.9795529106538754e-5,GRAN CANARIA,TRUE
cb24b15d27f1a135,"C/ CASTAÑO BAJO, Nº 32 SAN VICENTE PAUL, Santa Brígida, GRAN CANARIA, Las Palmas, Canarias, Espana",nominatim,,,,not_found,nominatim,direccion_completa,,GRAN CANARIA,
cade48bf5925f285,"C/ GAMONAL, 7, Santa Brígida, GRAN CANARIA, Las Palmas, Canarias, Espana",nominatim,,,,not_found,nominatim,direccion_completa,,GRAN CANARIA,
95715e11d3f87f16,"C/ CANALEJAS, S/N- DEL BARRIO CANARIO-VECINDARIO, Santa Lucía de Tirajana, GRAN CANARIA, Las Palmas, Canarias, Espana",nominatim,,,,not_found,nominatim,direccion_completa,,GRAN CANARIA,
f20c364646528f99,"Santa Lucía de Tirajana, GRAN CANARIA, Las Palmas, Canarias, Espana",nominatim,28.1074729,-15.5626154,"Santa Lucía de Tirajana, Paseo de Gran Canaria, El Risco, La Palmilla, Firgas, Las Palmas, Canarias, 35430, España",ok,nominatim,municipio_isla,4.9795529106538754e-5,GRAN CANARIA,TRUE
b05c0c38b1748bc4,"C/ CARMELO CALDERÍN, Nº 6 - SARDINA DEL SUR, Santa Lucía de Tirajana, GRAN CANARIA, Las Palmas, Canarias, Espana",nominatim,,,,not_found,nominatim,direccion_completa,,GRAN CANARIA,
e5195bf6f3f942ba,"CAMINO DE SANTA ELENA, SN, Santa María de Guía de Gran Canaria, GRAN CANARIA, Las Palmas, Canarias, Espana",nominatim,,,,not_found,nominatim,direccion_completa,,GRAN CANARIA,
a87beaa91d49ace1,"Santa María de Guía de Gran Canaria, GRAN CANARIA, Las Palmas, Canarias, Espana",nominatim,28.1074833,-15.5626073,"Santa María de Guía de Gran Canaria, Paseo de Gran Canaria, El Risco, La Palmilla, Firgas, Las Palmas, Canarias, 35430, España",ok,nominatim,municipio_isla,4.9795529106538754e-5,GRAN CANARIA,TRUE
8e3554cb1e58d5b0,"C/ DE TALIARTE, 27, Telde, GRAN CANARIA, Las Palmas, Canarias, Espana",nominatim,,,,not_found,nominatim,direccion_completa,,GRAN CANARIA,
208748fa3745bc97,"Telde, GRAN CANARIA, Las Palmas, Canarias, Espana",nominatim,28.150268,-15.6346237,"Calle de Telde, Becerril, La Atalaya, Santa María de Guía de Gran Canaria, Las Palmas, Canarias, 35450, España",ok,nominatim,municipio_isla,0.05338385824368654,GRAN CANARIA,TRUE
a1bbfac3ede9dc4f,"C/ CARRETERA A TALIARTE, 27, Telde, GRAN CANARIA, Las Palmas, Canarias, Espana",nominatim,,,,not_found,nominatim,direccion_completa,,GRAN CANARIA,
9e78e2a9b66411fb,"C/ JUAN RAMÓN JIMÉNEZ, Nº 33, OJOS DE GARZA, Telde, GRAN CANARIA, Las Palmas, Canarias, Espana",nominatim,,,,not_found,nominatim,direccion_completa,,GRAN CANARIA,
b4274377b57360d3,"C/ JUAN RAMON JIMENEZ,33, Telde, GRAN CANARIA, Las Palmas, Canarias, Espana",nominatim,,,,not_found,nominatim,direccion_completa,,GRAN CANARIA,
7b16690725b3d5ec,"C/ PÁRROCO JOSÉ HERNÁNDEZ ACOSTA, 29, Valleseco, GRAN CANARIA, Las Palmas, Canarias, Espana",nominatim,,,,not_found,nominatim,direccion_completa,,GRAN CANARIA,
11b2d855c963ac51,"Valleseco, GRAN CANARIA, Las Palmas, Canarias, Espana",nominatim,28.1120653,-15.4836688,"Calle Valleseco, La Cazuela, Los Giles, Las Palmas de Gran Canaria, Las Palmas, Canarias, 35018, España",ok,nominatim,municipio_isla,0.05339994888227661,GRAN CANARIA,TRUE
184c707d97f1ef27,"C/ AVDA. FRED. OLSEN, S/N, Arrecife, LANZAROTE, Las Palmas, Canarias, Espana",nominatim,,,,not_found,nominatim,direccion_completa,,LANZAROTE,
05700675aaf5d722,"Arrecife, LANZAROTE, Las Palmas, Canarias, Espana",nominatim,,,,not_found,nominatim,municipio_isla,,LANZAROTE,
2ffa02943a1e13de,"LANZAROTE, Las Palmas, Canarias, Espana",nominatim,29.0397081,-13.6362916,"Lanzarote, Las Palmas, Canarias, España",ok,nominatim,isla,0.5665716743684633,LANZAROTE,TRUE
9834b949070068a9,"C/ CÉSAR MANRIQUE, S/N, Haría, LANZAROTE, Las Palmas, Canarias, Espana",nominatim,,,,not_found,nominatim,direccion_completa,,LANZAROTE,
e217ce1a3af11e16,"Haría, LANZAROTE, Las Palmas, Canarias, Espana",nominatim,,,,not_found,nominatim,municipio_isla,,LANZAROTE,
dc2c4374645b5310,"C/ TAJINASTE, Nº 6, Tías, LANZAROTE, Las Palmas, Canarias, Espana",nominatim,,,,not_found,nominatim,direccion_completa,,LANZAROTE,
22d8be24ec7c2b16,"Tías, LANZAROTE, Las Palmas, Canarias, Espana",nominatim,,,,not_found,nominatim,municipio_isla,,LANZAROTE,
6018589f4145b084,"CAMINO DEL POZO,13, Tías, LANZAROTE, Las Palmas, Canarias, Espana",nominatim,,,,not_found,nominatim,direccion_completa,,LANZAROTE,
d716aebe4c4b25d7,"C/ EL CALVARIO, 30, Tinajo, LANZAROTE, Las Palmas, Canarias, Espana",nominatim,,,,not_found,nominatim,direccion_completa,,LANZAROTE,
ece0b395750a2960,"Tinajo, LANZAROTE, Las Palmas, Canarias, Espana",nominatim,,,,not_found,nominatim,municipio_isla,,LANZAROTE,
2bf5056591c7934c,"C/ CASILLAS DEL ÁNGEL, 59, Puerto del Rosario, FUERTEVENTURA, Las Palmas, Canarias, Espana",nominatim,,,,not_found,nominatim,direccion_completa,,FUERTEVENTURA,
ab145b48854faf84,"Puerto del Rosario, FUERTEVENTURA, Las Palmas, Canarias, Espana",nominatim,,,,not_found,nominatim,municipio_isla,,FUERTEVENTURA,
72bfdecf68eeb241,"FUERTEVENTURA, Las Palmas, Canarias, Espana",nominatim,28.5065839,-13.8451575,"Fuerteventura (CAAF), Las Salinas, Puerto del Rosario, Las Palmas, Canarias, España",ok,nominatim,isla,0.0800517090104524,FUERTEVENTURA,TRUE
0455f45f7bfe984b,"Calle Buenos Aires, 46- 50 35002. Las Palmas de GranCanaria, 35002, Las Palmas de GranCanaria, GRAN CANARIA, Las Palmas, Canarias, Espana",nominatim,,,,not_found,nominatim,direccion_completa,,GRAN CANARIA,
c2ea6a9c252326b6,"35002, Las Palmas de GranCanaria, GRAN CANARIA, Las Palmas, Canarias, Espana",nominatim,,,,not_found,nominatim,municipio_isla,,GRAN CANARIA,
dd10c0ba35346964,"35002, GRAN CANARIA, Las Palmas, Canarias, Espana",nominatim,28.1095376,-15.4177266,"Banco de España, 6, Calle Colmenares, Canalejas, Las Palmas de Gran Canaria, Las Palmas, Canarias, 35002, España",ok,nominatim,codigo_postal,3.759594110012997e-5,GRAN CANARIA,TRUE
49ebb5ae240d9fa6,"en Las Palmas de GranCanaria: Calle Lord Byron, 9, 35005 Las Palmas de GranCanaria enTelde: Calle Alcalde Manuel Amador Rodríguez, 8. EdificioMúltiples Medianías: Calle El Retiro, sin número, Vega de San Mateo.35320., 35005, Vega de San Mateo, GRAN CANARIA, Las Palmas, Canarias, Espana",nominatim,,,,not_found,nominatim,direccion_completa,,GRAN CANARIA,
5b8fd6ebf1d8aed9,"35005, Vega de San Mateo, GRAN CANARIA, Las Palmas, Canarias, Espana",nominatim,,,,not_found,nominatim,municipio_isla,,GRAN CANARIA,
4ba9c1a1ace4360f,"35005, GRAN CANARIA, Las Palmas, Canarias, Espana",nominatim,28.1344651,-15.4350942,"Plaza de España, Puerto, Santa Catalina-Canteras, Las Palmas de Gran Canaria, Las Palmas, Canarias, 35007, España",ok,nominatim,codigo_postal,0.0400666155489433,GRAN CANARIA,TRUE
87c6ff3988a4ed7d,"Calle Lord Byron, 9, 35005 Las Palmas de GranCanaria, 35005, GRAN CANARIA, Las Palmas, Canarias, Espana",nominatim,,,,not_found,nominatim,direccion_completa,,GRAN CANARIA,
5be61dc906da6af9,"Calle General Más de Gaminde, 38. Escalera B 1ºG - Edf. Nobel-te- lefonillo 011 campanilla-. 35006 Las Palmas de GranCanaria, 35006, Nobel-te- lefonillo 011 campanilla-, GRAN CANARIA, Las Palmas, Canarias, Espana",nominatim,,,,not_found,nominatim,direccion_completa,,GRAN CANARIA,
3bb8d4f7077b125c,"35006, Nobel-te- lefonillo 011 campanilla-, GRAN CANARIA, Las Palmas, Canarias, Espana",nominatim,,,,not_found,nominatim,municipio_isla,,GRAN CANARIA,
bab0b3c2c8f4be5c,"35006, GRAN CANARIA, Las Palmas, Canarias, Espana",nominatim,28.1344651,-15.4350942,"Plaza de España, Puerto, Santa Catalina-Canteras, Las Palmas de Gran Canaria, Las Palmas, Canarias, 35007, España",ok,nominatim,codigo_postal,0.0400666155489433,GRAN CANARIA,TRUE
727a0936b3c02f03,"Calle Sor Brígida Castelló, 1-1ª planta. Centro Insular deSan Antonio. Vegueta, 35001 Las Palmas de GranCanaria, 35001, Vegueta, GRAN CANARIA, Las Palmas, Canarias, Espana",nominatim,,,,not_found,nominatim,direccion_completa,,GRAN CANARIA,
d645cfe9dc073653,"35001, Vegueta, GRAN CANARIA, Las Palmas, Canarias, Espana",nominatim,28.1008615,-15.4165852,"Red Eléctrica de España, 9, Calle Juan de Quesada, Vegueta, Las Palmas de Gran Canaria, Las Palmas, Canarias, 35001, España",ok,nominatim,municipio_isla,6.661554894326722e-5,GRAN CANARIA,TRUE
5ca42b5c518f0f54,"Calle Carmen Llopis, 7-2º piso, 35003 Las Palmas de GranCanaria, 35003, GRAN CANARIA, Las Palmas, Canarias, Espana",nominatim,,,,not_found,nominatim,direccion_completa,,GRAN CANARIA,
6cf7487acbb1efb8,"35003, GRAN CANARIA, Las Palmas, Canarias, Espana",nominatim,28.1288694,-15.4349015,"Las Palmas de Gran Canaria, Las Palmas, Canarias, España",ok,nominatim,codigo_postal,0.617007958099539,GRAN CANARIA,TRUE
cc86e0c1981660ef,"Calle De la Concepción, 2. 35480-Agaete, 35480, GRAN CANARIA, Las Palmas, Canarias, Espana",nominatim,,,,not_found,nominatim,direccion_completa,,GRAN CANARIA,
0fc4d3b12e0647ca,"35480, GRAN CANARIA, Las Palmas, Canarias, Espana",nominatim,28.1288694,-15.4349015,"Las Palmas de Gran Canaria, Las Palmas, Canarias, España",ok,nominatim,codigo_postal,0.617007958099539,GRAN CANARIA,TRUE
7b4dc5b7f5c8d955,"Calle Barbuzano, 16, 35260Agüimes., Canarias, Espana",nominatim,,,,not_found,nominatim,direccion_completa,,,
a83f1276642e4b5a,"Avenida Matías Vega, 1. 35350Artenara, Canarias, Espana",nominatim,,,,not_found,nominatim,direccion_completa,,,
8f2fe55ccdf855f4,"Plaza de los Derechos Humanos, 3. 35400Arucas, Canarias, Espana",nominatim,,,,not_found,nominatim,direccion_completa,,,
5b873c915a6eb1d0,"Calle León y Castillo, 29. 35430Firgas, Canarias, Espana",nominatim,,,,not_found,nominatim,direccion_completa,,,
6255f99e2d4cba20,"Calle Bentago Semidán, 2, 2ª planta. 35460Gáldar, Canarias, Espana",nominatim,,,,not_found,nominatim,direccion_completa,,,
937fe88105740a1e,"Calle Camilo José Cela, 24, 2 planta. Carrizal-Ingenio. 35250Ingenio, Carrizal-Ingenio, Canarias, Espana",nominatim,,,,not_found,nominatim,direccion_completa,,,
87a1e85a16882077,"Carrizal-Ingenio, Canarias, Espana",nominatim,27.9124052,-15.4044192,"Carrizal, Ingenio, Las Palmas, Canarias, 35240, España",ok,nominatim,municipio_isla,0.14671720836194396,,
84ac0c576cda6adf,"Calle Mariano de Cáceres 2. 35470 La Aldea de SanNicolás., 35470, GRAN CANARIA, Las Palmas, Canarias, Espana",nominatim,,,,not_found,nominatim,direccion_completa,,GRAN CANARIA,
333ea045e84d061a,"35470, GRAN CANARIA, Las Palmas, Canarias, Espana",nominatim,28.1288694,-15.4349015,"Las Palmas de Gran Canaria, Las Palmas, Canarias, España",ok,nominatim,codigo_postal,0.617007958099539,GRAN CANARIA,TRUE
6d056fc1ef12bb6c,"Plaza Plácido Álvarez Buylla, sin número – Edf Casa Municipalde la Mujer. Escaleritas. 35011 Las Palmas de GranCanaria., 35011, Escaleritas, GRAN CANARIA, Las Palmas, Canarias, Espana",nominatim,,,,not_found,nominatim,direccion_completa,,GRAN CANARIA,
4282d6847105b7bd,"35011, Escaleritas, GRAN CANARIA, Las Palmas, Canarias, Espana",nominatim,28.1134201,-15.4308065,"Edificio España, 15, Calle Núñez de Balboa, Cuatro Cañones, Las Palmas de Gran Canaria, Las Palmas, Canarias, 35012, España",ok,nominatim,municipio_isla,6.661554894326722e-5,GRAN CANARIA,TRUE
2741de32efec982a,"Calle Damasco, 9, 35120 Argineguín.Mogán., 35120, Mogán, GRAN CANARIA, Las Palmas, Canarias, Espana",nominatim,,,,not_found,nominatim,direccion_completa,,GRAN CANARIA,
a97b8df17a6efc0b,"35120, Mogán, GRAN CANARIA, Las Palmas, Canarias, Espana",nominatim,28.1262898,-15.6142441,"Calle Mogán, La Dehesa, Santa María de Guía de Gran Canaria, Las Palmas, Canarias, 35450, España",ok,nominatim,municipio_isla,0.05338385824368654,GRAN CANARIA,TRUE
d9769d3b00956c8a,"Calle Lope de Vega, 21, 2ª planta. 35420Moya, Canarias, Espana",nominatim,,,,not_found,nominatim,direccion_completa,,,
ff7aff061df6cad0,"Calle Padre Manjón, 30 -Casa de la Enredadera-35110. Sardinadel Sur. SantaLucía, 35110, SantaLucía, GRAN CANARIA, Las Palmas, Canarias, Espana",nominatim,,,,not_found,nominatim,direccion_completa,,GRAN CANARIA,
7bd8ed172ac0ed7d,"35110, SantaLucía, GRAN CANARIA, Las Palmas, Canarias, Espana",nominatim,,,,not_found,nominatim,municipio_isla,,GRAN CANARIA,
e659278e952f481e,"35110, GRAN CANARIA, Las Palmas, Canarias, Espana",nominatim,28.1288694,-15.4349015,"Las Palmas de Gran Canaria, Las Palmas, Canarias, España",ok,nominatim,codigo_postal,0.617007958099539,GRAN CANARIA,TRUE
1b3eb45be19d3dec,"Calle Lomo Guillén N º 4 -junto a la Policía Local- 35450Santa María de Guía de GranCanaria, Canarias, Espana",nominatim,,,,not_found,nominatim,direccion_completa,,,
986bd07550f1ce29,"Calle Plaza Ntra. Sra. del Socorro, sin número, 35360.Tejeda., 35360, Tejeda, GRAN CANARIA, Las Palmas, Canarias, Espana",nominatim,,,,not_found,nominatim,direccion_completa,,GRAN CANARIA,
38cb0eb1bec33990,"35360, Tejeda, GRAN CANARIA, Las Palmas, Canarias, Espana",nominatim,28.1108423,-15.4866226,"Calle Tejeda, La Cazuela, Tenoya, Las Palmas de Gran Canaria, Las Palmas, Canarias, 35018, España",ok,nominatim,municipio_isla,0.05339994888227661,GRAN CANARIA,TRUE
13ee410058d1037d,"Calle Alonso Quesada 4. 35200 San Gregorio,Telde., 35200, Telde, GRAN CANARIA, Las Palmas, Canarias, Espana",nominatim,,,,not_found,nominatim,direccion_completa,,GRAN CANARIA,
b71b5a4dea6a812b,"35200, Telde, GRAN CANARIA, Las Palmas, Canarias, Espana",nominatim,28.150268,-15.6346237,"Calle de Telde, Becerril, La Atalaya, Santa María de Guía de Gran Canaria, Las Palmas, Canarias, 35450, España",ok,nominatim,municipio_isla,0.05338385824368654,GRAN CANARIA,TRUE
8018f274eb99218a,"Calle Padre Cueto, 2. 35330Teror, Canarias, Espana",nominatim,,,,not_found,nominatim,direccion_completa,,,
9bd2c7aa2d6989ae,"Calle León y Castillo, 12. 35340Valleseco., Canarias, Espana",nominatim,,,,not_found,nominatim,direccion_completa,,,
14fa09acefbd74d4,"Calle Maestro D. José Santana, sin número. 35217Valsequillo., sin número, Canarias, Espana",nominatim,,,,not_found,nominatim,direccion_completa,,,
b131d01638ee7406,"sin número, Canarias, Espana",nominatim,28.1148164,-15.4764081,"Sin número, Calle Sahara, Los Giles, Las Palmas de Gran Canaria, Las Palmas, Canarias, 35010, España",ok,nominatim,municipio_isla,6.661554894326722e-5,,
3423bf977fbd857f,"Calle Timanfaya sin número - Edificio de Estancias Diurnas.35119 San Bartolomé deTirajana., 35119, GRAN CANARIA, Las Palmas, Canarias, Espana",nominatim,,,,not_found,nominatim,direccion_completa,,GRAN CANARIA,
1b6f03b47637e541,"35119, GRAN CANARIA, Las Palmas, Canarias, Espana",nominatim,28.1288694,-15.4349015,"Las Palmas de Gran Canaria, Las Palmas, Canarias, España",ok,nominatim,codigo_postal,0.617007958099539,GRAN CANARIA,TRUE
47615dd32c387c67,"Calle Primero de Mayo, 39,35600. Puerto delRosario, 35600, Puerto delRosario, FUERTEVENTURA, Las Palmas, Canarias, Espana",nominatim,,,,not_found,nominatim,direccion_completa,,FUERTEVENTURA,
51ed99b2f3939186,"35600, Puerto delRosario, FUERTEVENTURA, Las Palmas, Canarias, Espana",nominatim,,,,not_found,nominatim,municipio_isla,,FUERTEVENTURA,
0d87b418495f3699,"35600, FUERTEVENTURA, Las Palmas, Canarias, Espana",nominatim,28.5065839,-13.8451575,"Fuerteventura (CAAF), Las Salinas, Puerto del Rosario, Las Palmas, Canarias, España",ok,nominatim,codigo_postal,0.0800517090104524,FUERTEVENTURA,TRUE
b78d1e09d666303d,"Calle Doctor Fleming, 1. 35600. Puerto delRosario., 35600, Puerto delRosario, FUERTEVENTURA, Las Palmas, Canarias, Espana",nominatim,,,,not_found,nominatim,direccion_completa,,FUERTEVENTURA,
5806a86f43b17e17,"Calle Fernández Castañeyra, 20. 35600. Puerto delRosario, 35600, Puerto delRosario, FUERTEVENTURA, Las Palmas, Canarias, Espana",nominatim,,,,not_found,nominatim,direccion_completa,,FUERTEVENTURA,
7f9107db72dff9ec,"Calle La Garepa, 8. Villaverde, LaOliva., LaOliva, Canarias, Espana",nominatim,,,,not_found,nominatim,direccion_completa,,,
9fb8c8ac00c256eb,"LaOliva, Canarias, Espana",nominatim,,,,not_found,nominatim,municipio_isla,,,
cef744a03cde8298,"Calle Salvador Allende.35500.Arrecife., 35500, Arrecife, LANZAROTE, Las Palmas, Canarias, Espana",nominatim,,,,not_found,nominatim,direccion_completa,,LANZAROTE,
c34d5f62b71cf76f,"35500, Arrecife, LANZAROTE, Las Palmas, Canarias, Espana",nominatim,,,,not_found,nominatim,municipio_isla,,LANZAROTE,
3d04b2a066245817,"35500, LANZAROTE, Las Palmas, Canarias, Espana",nominatim,28.8630379,-13.8530236,"Calle Lanzarote, Montaña Roja, Playa Blanca, Yaiza, Las Palmas, Canarias, 35580, España",ok,nominatim,codigo_postal,0.05338232318608373,LANZAROTE,TRUE
c54ec7fa6cc7c0da,"Rambla Medular, 46. 35500Arrecife, Rambla Medular, Canarias, Espana",nominatim,,,,not_found,nominatim,direccion_completa,,,
fc67e274215c806b,"Rambla Medular, Canarias, Espana",nominatim,28.9654731,-13.5407364,"Rambla Medular, Valterra, Arrecife, Las Palmas, Canarias, 35507, España",ok,nominatim,municipio_isla,0.05338688563363085,,
c0aa7101ce774165,"Calle Antonio Nieves Santos, 5, portal 3, oficina 18 - primerpiso LaGraciosa En esta isla no existe recurso específico de violencia de género osexual. Las situaciones de urgencia son atendidas a través del 112 por elSAMVV. Desde allí te ofrecerán toda la información necesaria y activarán losser- vicios necesarios para prestarte la atención quenecesitas. Provinciade SantaCruz deTenerife, Provinciade SantaCruz deTenerife, Canarias, Espana",nominatim,,,,not_found,nominatim,direccion_completa,,,
03162024b18f2cc8,"Provinciade SantaCruz deTenerife, Canarias, Espana",nominatim,,,,not_found,nominatim,municipio_isla,,,
04ddabb489d6e948,"Calle Diego Almagro, 1. Edificio Hogar de la Sagrada Familia-Casa Cuna-, 38010, Santa Cruz deTenerife., 38010, Santa Cruz deTenerife, TENERIFE, Santa Cruz de Tenerife, Canarias, Espana",nominatim,,,,not_found,nominatim,direccion_completa,,TENERIFE,
346e113f762d3e47,"38010, Santa Cruz deTenerife, TENERIFE, Santa Cruz de Tenerife, Canarias, Espana",nominatim,,,,not_found,nominatim,municipio_isla,,TENERIFE,
66cab0da993439c3,"38010, TENERIFE, Santa Cruz de Tenerife, Canarias, Espana",nominatim,28.4670666,-16.2467142,"Plaza de España, El Toscal, Centro-Ifara, Santa Cruz de Tenerife, Canarias, 38002, España",ok,nominatim,codigo_postal,0.3002719692158251,TENERIFE,TRUE
8985861bd09b7baa,"Avenida Los Pueblos, sin número, Estación de guaguas, planta2, Playa de las Américas,Adeje., Adeje, Canarias, Espana",nominatim,,,,not_found,nominatim,direccion_completa,,,
fbd10f2c1a42dca9,"Adeje, Canarias, Espana",nominatim,28.1394395,-16.7394564,"Adeje, Santa Cruz de Tenerife, Canarias, España",ok,nominatim,municipio_isla,0.4748479925653225,,
c95bf46703a35c8a,"Carretera General a Los Abrigos, 30, 3862, San Miguel deAbona., San Miguel deAbona, Canarias, Espana",nominatim,,,,not_found,nominatim,direccion_completa,,,
5ca4ec57e75f79c3,"San Miguel deAbona, Canarias, Espana",nominatim,,,,not_found,nominatim,municipio_isla,,,
e1df91a567690ef6,"Calle Los Geranios, 11. Edificio Manena, Las Caletillas, 38530,Candelaria., 38530, Candelaria, TENERIFE, Santa Cruz de Tenerife, Canarias, Espana",nominatim,,,,not_found,nominatim,direccion_completa,,TENERIFE,
0da9f26f4541ff5a,"38530, Candelaria, TENERIFE, Santa Cruz de Tenerife, Canarias, Espana",nominatim,28.3605617,-16.3681903,"Calle España, Urbanización Brillasol, Aroba, Candelaria, Santa Cruz de Tenerife, Canarias, 38530, España",ok,nominatim,municipio_isla,0.05337083466849771,TENERIFE,TRUE
bd4f1e16506fc928,"Calle Francisco Aguilar y Aguilar, sin número, Palacete deCo- viella, 38008, Santa Cruz deTenerife., 38008, Santa Cruz deTenerife, TENERIFE, Santa Cruz de Tenerife, Canarias, Espana",nominatim,,,,not_found,nominatim,direccion_completa,,TENERIFE,
ddeeb8f1e398611e,"38008, Santa Cruz deTenerife, TENERIFE, Santa Cruz de Tenerife, Canarias, Espana",nominatim,,,,not_found,nominatim,municipio_isla,,TENERIFE,
d235cd5d8a28fe2c,"38008, TENERIFE, Santa Cruz de Tenerife, Canarias, Espana",nominatim,28.4670666,-16.2467142,"Plaza de España, El Toscal, Centro-Ifara, Santa Cruz de Tenerife, Canarias, 38002, España",ok,nominatim,codigo_postal,0.3002719692158251,TENERIFE,TRUE
4151e9d5db753e01,"Calle Retama, 13. Edificio Los Molinos, bajo, 38203, SanCristóbal de LaLaguna., 38203, SanCristóbal de LaLaguna, TENERIFE, Santa Cruz de Tenerife, Canarias, Espana",nominatim,,,,not_found,nominatim,direccion_completa,,TENERIFE,
88c8218c3c3063e7,"38203, SanCristóbal de LaLaguna, TENERIFE, Santa Cruz de Tenerife, Canarias, Espana",nominatim,,,,not_found,nominatim,municipio_isla,,TENERIFE,
33de1d0634ae3f1d,"38203, TENERIFE, Santa Cruz de Tenerife, Canarias, Espana",nominatim,28.4742815,-16.297822,"Finca España, La Cuesta, San Cristóbal de La Laguna, Santa Cruz de Tenerife, Canarias, 38329, España",ok,nominatim,codigo_postal,0.14672908598458834,TENERIFE,TRUE
909f95c2b4785e08,"Carretera General del Norte, 69. 38350,Tacoronte., 38350, Tacoronte, TENERIFE, Santa Cruz de Tenerife, Canarias, Espana",nominatim,,,,not_found,nominatim,direccion_completa,,TENERIFE,
7b931544f72f088a,"38350, Tacoronte, TENERIFE, Santa Cruz de Tenerife, Canarias, Espana",nominatim,28.478974,-16.397723,"Tacoronte, Santa Cruz de Tenerife, Canarias, España",ok,nominatim,municipio_isla,0.4581564623302775,TENERIFE,TRUE
8d7dae939fad44ad,"Carretera General del Norte, 189-b, Mercadillo delAgricultor Vinos y Artesanía, planta 1, 38370, LaMatanza., 38370, LaMatanza, TENERIFE, Santa Cruz de Tenerife, Canarias, Espana",nominatim,,,,not_found,nominatim,direccion_completa,,TENERIFE,
6f704b214df54f44,"38370, LaMatanza, TENERIFE, Santa Cruz de Tenerife, Canarias, Espana",nominatim,,,,not_found,nominatim,municipio_isla,,TENERIFE,
460d58de4930d9f3,"38370, TENERIFE, Santa Cruz de Tenerife, Canarias, Espana",nominatim,28.4238728,-16.4853156,"España, Carretera España, Tosca Barrios, Cuatro Caminos, Santa Úrsula, Santa Cruz de Tenerife, Canarias, 38390, España",ok,nominatim,codigo_postal,5.2107270923888264e-5,TENERIFE,TRUE
bf2fc40041ec34ee,"Calle Doctor Pérez, 3. Edificio María Victoria, 38309, SantaÚrsula., 38309, SantaÚrsula, TENERIFE, Santa Cruz de Tenerife, Canarias, Espana",nominatim,,,,not_found,nominatim,direccion_completa,,TENERIFE,
93da9b11f259374a,"38309, SantaÚrsula, TENERIFE, Santa Cruz de Tenerife, Canarias, Espana",nominatim,,,,not_found,nominatim,municipio_isla,,TENERIFE,
62ae11bf7690557a,"38309, TENERIFE, Santa Cruz de Tenerife, Canarias, Espana",nominatim,28.467178,-16.2507843,"Santa Cruz de Tenerife, Canarias, España",ok,nominatim,codigo_postal,0.601592458766793,TENERIFE,TRUE
1f4749c46c07c55a,"Calle León, 19, Área de Servicios Sociales del Ayuntamiento deLa Orotava, 38300. LaOrotava., 38300, LaOrotava, TENERIFE, Santa Cruz de Tenerife, Canarias, Espana",nominatim,,,,not_found,nominatim,direccion_completa,,TENERIFE,
c7b05c7139a3b8f1,"38300, LaOrotava, TENERIFE, Santa Cruz de Tenerife, Canarias, Espana",nominatim,,,,not_found,nominatim,municipio_isla,,TENERIFE,
d235194cceac7453,"38300, TENERIFE, Santa Cruz de Tenerife, Canarias, Espana",nominatim,28.4020348,-16.51071,"Calle España, Urbanización Villas del Pinalito, Las Cuevas, La Orotava, Santa Cruz de Tenerife, Canarias, 38311, España",ok,nominatim,codigo_postal,0.05338857328145263,TENERIFE,TRUE
846fc2a91d88700f,"Calle Manuel González Trujillo, sin número, bajo. 38430, Icodde losVinos., 38430, Icodde losVinos, TENERIFE, Santa Cruz de Tenerife, Canarias, Espana",nominatim,,,,not_found,nominatim,direccion_completa,,TENERIFE,
c374c0103d291255,"38430, Icodde losVinos, TENERIFE, Santa Cruz de Tenerife, Canarias, Espana",nominatim,,,,not_found,nominatim,municipio_isla,,TENERIFE,
4854192e13ebaaec,"38430, TENERIFE, Santa Cruz de Tenerife, Canarias, Espana",nominatim,28.3701526,-16.7123016,"Avenida Príncipe de España, El Calvario, Icod de los Vinos, Santa Cruz de Tenerife, Canarias, 38434, España",ok,nominatim,codigo_postal,0.05338706721599142,TENERIFE,TRUE
f6f4b21cf9c35b16,"Calle Pedro García Cabrera, bajo, sin número. 38470, LosSilos., 38470, LosSilos, TENERIFE, Santa Cruz de Tenerife, Canarias, Espana",nominatim,,,,not_found,nominatim,direccion_completa,,TENERIFE,
0dfff25ce52a2176,"38470, LosSilos, TENERIFE, Santa Cruz de Tenerife, Canarias, Espana",nominatim,,,,not_found,nominatim,municipio_isla,,TENERIFE,
3efdb90413ecf151,"38470, TENERIFE, Santa Cruz de Tenerife, Canarias, Espana",nominatim,28.3555496,-16.7846888,"Avenida Príncipes de España, Cruz Grande, El Tanque, Santa Cruz de Tenerife, Canarias, 38435, España",ok,nominatim,codigo_postal,0.05338499961852441,TENERIFE,TRUE
8745773500f1259c,"Avenida Marítima, 3. 38700, Santa Cruz de LaPalma. . Recursos de atencióninmediata: . Recursos de acogida temporal en estaisla: LENCIA DEGÉNERO. . Recursos de atención especializada en estaisla:, 38700, Recursos de atención especializada en estaisla:, LA PALMA, Santa Cruz de Tenerife, Canarias, Espana",nominatim,,,,not_found,nominatim,direccion_completa,,LA PALMA,
660849dc47680ad7,"38700, Recursos de atención especializada en estaisla:, LA PALMA, Santa Cruz de Tenerife, Canarias, Espana",nominatim,,,,not_found,nominatim,municipio_isla,,LA PALMA,
4120f694d3318185,"38700, LA PALMA, Santa Cruz de Tenerife, Canarias, Espana",nominatim,28.6833197,-17.764817,"Plaza de España, El Puente, Casco Antiguo, Santa Cruz de La Palma, Santa Cruz de Tenerife, Canarias, 38700, España",ok,nominatim,codigo_postal,0.05338470054169524,LA PALMA,TRUE
50e56d2201282338,"Cuesta de la Encarnación, 24 -Casa Rosada- 38700, SantaCruz de LaPalma. Calle Profesor Armas Fernández, 2. 38800, San Sebastián deLa, 38700, San Sebastián deLa, LA PALMA, Santa Cruz de Tenerife, Canarias, Espana",nominatim,,,,not_found,nominatim,direccion_completa,,LA PALMA,
b1b03834aa98a9d2,"38700, San Sebastián deLa, LA PALMA, Santa Cruz de Tenerife, Canarias, Espana",nominatim,,,,not_found,nominatim,municipio_isla,,LA PALMA,
fc52047f0485c96c,"Calle Virgen de Guadalupe, 28, bajo-junto alJuzgado-,38800, San Sebastián de LaGomera. Calle Dr. Quintero Magdaleno, 11,Valverde, 38800, Valverde, LA GOMERA, Santa Cruz de Tenerife, Canarias, Espana",nominatim,,,,not_found,nominatim,direccion_completa,,LA GOMERA,
e227485f5ece3252,"38800, Valverde, LA GOMERA, Santa Cruz de Tenerife, Canarias, Espana",nominatim,,,,not_found,nominatim,municipio_isla,,LA GOMERA,
0752afbc1f864592,"38800, LA GOMERA, Santa Cruz de Tenerife, Canarias, Espana",nominatim,28.0908579,-17.1078347,"Parador de La Gomera, Calle Náutico, San Sebastián de la Gomera, Santa Cruz de Tenerife, Canarias, 38800, España",ok,nominatim,codigo_postal,1e-10,LA GOMERA,TRUE
d50191d3943daf8c,"Carretera General La Calzada, 88. 35017. Las Palmas deGran Canaria. Calle Eusebio Navarro, 69, 3º, 35003. Las Palmas de GranCanaria. Calle Juan Manuel Duran, 50 Bajo. 35007. Las Palmas deGran Calle Marianao, 45. 35016. Las Palmas de GranCanaria. Calle Colón, 22, Centro de Colectivos el Zaguán, Módulo 1, Local5., 35017, Local5, GRAN CANARIA, Las Palmas, Canarias, Espana",nominatim,,,,not_found,nominatim,direccion_completa,,GRAN CANARIA,
d53643c97c77d970,"35017, Local5, GRAN CANARIA, Las Palmas, Canarias, Espana",nominatim,,,,not_found,nominatim,municipio_isla,,GRAN CANARIA,
af952e665ebd3f3f,"35017, GRAN CANARIA, Las Palmas, Canarias, Espana",nominatim,28.0960895,-15.441929,"Circet España, Calle Carmen Santana Gil, Polígono Industrial Miller, Miller Bajo, Las Palmas de Gran Canaria, Las Palmas, Canarias, 35014, España",ok,nominatim,codigo_postal,6.661554894326722e-5,GRAN CANARIA,TRUE
66747c33c207f5f9,"Calle Antonio Manchado Viglietti, 1, Centro Fátima. 35005.Ciu- dad Jardín. Las Palmas de GranCanaria. Calle Mayor de Triana, 103, 1º dcha. 35002. Las Palmas deGran Calle Sor Carmen Peña Pulido, sin número. 35213.Telde. Avenida Primero de Mayo, 10. 35002. Las Palmas de GranCanaria. Calle Farmacéutico Pedro Rivero, 30. Polígono Cruz dePiedra, Calle Antonio Manchado Viglietti, 1. Edificio Nuestra Señora deFá- Calle Antonio Manchado Viglietti, 1. Edificio Nuestra Señora deFá- Avd. Primero de Mayo, 10. 35002. Las Palmas de GranCanaria. Avenida Primero de Mayo,10, 4º planta.35002. Las Palmasde Avenida Marítima del Sur, sin número. 35016. Las Palmasde Antonio Manchado Viglietti, 1, 35005, Las Palmas de GranCanaria. Exterior del Parque Urbano de San Juan, Local 7. 35220 -Telde. Calle Antonio Manchado Viglietti, 1. Ciudad Jardín. 35005. LasPal- Calle Canalejas, 80, pasaje. 35003. Las Palmas de GranCanaria. Calle Donante Altruista, 14. 35012. Las Palmas de GranCanaria. Carretera Santa Juana de Arco, 10, 35004. Las Palmas deGran, 35005, Las Palmas deGran, GRAN CANARIA, Las Palmas, Canarias, Espana",nominatim,,,,not_found,nominatim,direccion_completa,,GRAN CANARIA,
f486317fda030c1c,"35005, Las Palmas deGran, GRAN CANARIA, Las Palmas, Canarias, Espana",nominatim,,,,not_found,nominatim,municipio_isla,,GRAN CANARIA,
78ca3b23d770da41,"Calle Barcelona, 107, Portal 1. Bajo A. 35220.Telde., 35220, Telde, GRAN CANARIA, Las Palmas, Canarias, Espana",nominatim,,,,not_found,nominatim,direccion_completa,,GRAN CANARIA,
30bbf07711fb625a,"35220, Telde, GRAN CANARIA, Las Palmas, Canarias, Espana",nominatim,28.150268,-15.6346237,"Calle de Telde, Becerril, La Atalaya, Santa María de Guía de Gran Canaria, Las Palmas, Canarias, 35450, España",ok,nominatim,municipio_isla,0.05338385824368654,GRAN CANARIA,TRUE
97dac733b61226e8,"Calle La Cultura, sin número. 35017. Los Hoyos. Tafira Baja. LasPal- mas de GranCanaria. Calle Lomo Las Brujas, 1, Edificio de Usos Múltiples, local17. Calle León y Castillo, 279. 35005. Las Palmas de GranCanaria. Calle Antonio Manchado Viglietti, 1. 35005. Las Palmas deGran Calle Bravo Murillo, 29. 35003. Las Palmas de GranCanaria. Calle Farmacéutico Pedro Rivero 15, 35013 Las Palmas deGran Calle Antonio Manchado Viglietti, 1. Edificio Nuestra Señorade Calle Pino Apolinario, 86B. 35014. Las Palmas de GranCanaria Calle Mary Sánchez, 1. La Isleta. 35009. Las Palmas de GranCanaria., 35017, Las Palmas de GranCanaria, GRAN CANARIA, Las Palmas, Canarias, Espana",nominatim,,,,not_found,nominatim,direccion_completa,,GRAN CANARIA,
343774f7ced8d891,"35017, Las Palmas de GranCanaria, GRAN CANARIA, Las Palmas, Canarias, Espana",nominatim,,,,not_found,nominatim,municipio_isla,,GRAN CANARIA,
b17f2e7c3fb94494,"Calle el Cortijo de San Gregorio, 16. 35018. Risco Negro, LasPal- mas de GranCanaria Calle Antonio Manchado Viglietti, 1, 35005. Las Palmasde Calle Doña Pino Apolinario, 82. 35014. Las Palmas de GranCanaria. 35240. Carrizal.Ingenio, 35018, Ingenio, GRAN CANARIA, Las Palmas, Canarias, Espana",nominatim,,,,not_found,nominatim,direccion_completa,,GRAN CANARIA,
b5f98bafc2003cce,"35018, Ingenio, GRAN CANARIA, Las Palmas, Canarias, Espana",nominatim,28.1115748,-15.4857834,"Calle Ingenio, La Cazuela, Tenoya, Las Palmas de Gran Canaria, Las Palmas, Canarias, 35018, España",ok,nominatim,municipio_isla,0.05339994888227661,GRAN CANARIA,TRUE
39cf6aa3111d123a,"Calle Lomo la Plana, 28, Urbanización 7 Palmas. 35019. LasPal- mas de GranCanaria., 35019, LasPal- mas de GranCanaria, GRAN CANARIA, Las Palmas, Canarias, Espana",nominatim,,,,not_found,nominatim,direccion_completa,,GRAN CANARIA,
1c267478d33e6512,"35019, LasPal- mas de GranCanaria, GRAN CANARIA, Las Palmas, Canarias, Espana",nominatim,,,,not_found,nominatim,municipio_isla,,GRAN CANARIA,
1bf2ee5b0d01764c,"35019, GRAN CANARIA, Las Palmas, Canarias, Espana",nominatim,28.1344651,-15.4350942,"Plaza de España, Puerto, Santa Catalina-Canteras, Las Palmas de Gran Canaria, Las Palmas, Canarias, 35007, España",ok,nominatim,codigo_postal,0.0400666155489433,GRAN CANARIA,TRUE
300140340558b264,"Calle Américo Vespucio, 113. 35214.Telde., 35214, Telde, GRAN CANARIA, Las Palmas, Canarias, Espana",nominatim,,,,not_found,nominatim,direccion_completa,,GRAN CANARIA,
6e929d987a00fde8,"35214, Telde, GRAN CANARIA, Las Palmas, Canarias, Espana",nominatim,28.150268,-15.6346237,"Calle de Telde, Becerril, La Atalaya, Santa María de Guía de Gran Canaria, Las Palmas, Canarias, 35450, España",ok,nominatim,municipio_isla,0.05338385824368654,GRAN CANARIA,TRUE
2e17d5180e44c359,"Calle Doctor Fernando Caubín Ponce, 3. 35400.Arucas., 35400, Arucas, GRAN CANARIA, Las Palmas, Canarias, Espana",nominatim,,,,not_found,nominatim,direccion_completa,,GRAN CANARIA,
1cea022793043b43,"35400, Arucas, GRAN CANARIA, Las Palmas, Canarias, Espana",nominatim,28.126715,-15.6153739,"Calle Arucas, San Juan, La Dehesa, Santa María de Guía de Gran Canaria, Las Palmas, Canarias, 35450, España",ok,nominatim,municipio_isla,0.05338385824368654,GRAN CANARIA,TRUE
de5c526d1a3b8a5e,"Calle Padre Cueto, 20. 35008. Las Palmas de GranCanaria., 35008, Las Palmas de GranCanaria, GRAN CANARIA, Las Palmas, Canarias, Espana",nominatim,,,,not_found,nominatim,direccion_completa,,GRAN CANARIA,
44ad885f79874def,"35008, Las Palmas de GranCanaria, GRAN CANARIA, Las Palmas, Canarias, Espana",nominatim,,,,not_found,nominatim,municipio_isla,,GRAN CANARIA,
b2f5b0d76e815b89,"35008, GRAN CANARIA, Las Palmas, Canarias, Espana",nominatim,28.1344651,-15.4350942,"Plaza de España, Puerto, Santa Catalina-Canteras, Las Palmas de Gran Canaria, Las Palmas, Canarias, 35007, España",ok,nominatim,codigo_postal,0.0400666155489433,GRAN CANARIA,TRUE
cbb9fc1b82cb589a,"Calle Pino Apolinario, 90. 35014. Las Palmas de GranCanaria., 35014, Las Palmas de GranCanaria, GRAN CANARIA, Las Palmas, Canarias, Espana",nominatim,,,,not_found,nominatim,direccion_completa,,GRAN CANARIA,
f0827e63f1e8ca39,"35014, Las Palmas de GranCanaria, GRAN CANARIA, Las Palmas, Canarias, Espana",nominatim,,,,not_found,nominatim,municipio_isla,,GRAN CANARIA,
d0aef317c5da6927,"35014, GRAN CANARIA, Las Palmas, Canarias, Espana",nominatim,28.0960895,-15.441929,"Circet España, Calle Carmen Santana Gil, Polígono Industrial Miller, Miller Bajo, Las Palmas de Gran Canaria, Las Palmas, Canarias, 35014, España",ok,nominatim,codigo_postal,6.661554894326722e-5,GRAN CANARIA,TRUE
19e57b2c31ae027e,"Calle Alférez Provisional, 4 Bajo A. 35019. Las Palmas deGran Canaria. Avenida Primero de Mayo, 16 bajo.35002. Las Palmas deGran Calle Juan Manuel Durán, 50. bajo. 35010. Las Palmas deGran Calle Lomo Las Brujas, 1, Edificio de Usos Múltiples, local17. Calle Arcipreste de Hita, 12. Carrizal. 35240.Ingenio. Calle Lomo las Brujas 1, Local 29. Valle de Jinámar. 35200.Telde. Avenida Primero de Mayo, 12, 2º dcha. 35002. Las Palmasde Calle Málaga, 1, Vega de San José. 35016. Las Palmas deGran Calle General Más de Gaminde, 8. 35006. Las Palmas deGran Caarretera Ciudad San Juan de Dios, 1. 35016. Las Palmasde Calle Federico Viera, 79. 35012. Las Palmas de GranCanaria. Calle Lomo la Plana, 28. Urbanización Siete Palmas. 35019.Las Avenida Rafael Cabrera, 3. 35002. Las Palmas de GranCanaria. Calle Manuel González Martín, 22. 35006. Las Palmas de GranCanaria. Calle Pino Apolinario, 86B. 35014. Las Palmas de GranCanaria. Calle Comandante Díaz Trayter, 67, 35600. Puerto delRosario. Calle Virgen del Rosario, 13. 35600. Puerto delRosario. Calle Goya, 3. 35600. Puerto delRosario. Calle Secundino Alonso, 1. 35600. Puerto delRosario. Calle Virgen de La Peña,49. 35600 Puerto delRosario. Calle Luis Vives, 6. 35600. Puerto delRosario. Calle Goya, 3. local 3. 35600. Puerto deRosario. Calle Tenerife esquina con Calle Vascongadas, 44. 35600.Puerto Calle Gran Canaria, 60. 35600. Puerto delRosario Calle Presidente Santiago Hormiga, 3. 35500. Puerto delRosario. Calle Gran Canaria, 37. 35600. Puerto delRosario. Calle Arcipreste de Hita, 30. 35507.Teguise., 35019, Teguise, GRAN CANARIA, Las Palmas, Canarias, Espana",nominatim,,,,not_found,nominatim,direccion_completa,,GRAN CANARIA,
5756c88c0ca4554b,"35019, Teguise, GRAN CANARIA, Las Palmas, Canarias, Espana",nominatim,28.0769874,-15.4810563,"Calle Teguise, El Román, Las Palmas de Gran Canaria, Las Palmas, Canarias, 35018, España",ok,nominatim,municipio_isla,0.05339994888227661,GRAN CANARIA,TRUE
e734aa961f143dc7,"Avenida Gobernador José García Hernández, 7. 35500.Arrecife A continuación, encontrarás la información de todas lasentidades -fundaciones, federaciones y asociaciones- que prestan serviciosa Recurso de igualdad:Ninguno. personas con discapacidad en esta isla. Están clasificadas por tipode discapacidad. Entidades especializadas en atención apersonas con discapacidadsensorial APSAL. ASOCIACIÓN DE PERSONAS SORDAS DE ARRECIFE YLANZAROTE. servicio de intérprete, trabajadora social, acciones culturales, de ocio y charlasde sensibilización en centroseducativos. Datos decontacto: Calle Figueroa, 25. 35500Arrecife. Calle Gaviota, 3. 35500,Arrecife. Espacio cedido por APSAL.: Calle Figueroa nº25. 35500.Arrecife. Calle La porra, 2.35500.Arrecife Calle Manolo Millares, 26. 35500.Arrecife. Calle Manolo Millares, 77. 2ª planta. Puerta 6. 35500Arrecife. Calle Montaña Almurcia, 3. 35570.Yaiza. Calle Usaje, 3.35500.Arrecife. Calle Fayna, sin número. Centro cívico playa honda. 35509.San, 35500, San, LANZAROTE, Las Palmas, Canarias, Espana",nominatim,,,,not_found,nominatim,direccion_completa,,LANZAROTE,
eb655ea53b2fb939,"35500, San, LANZAROTE, Las Palmas, Canarias, Espana",nominatim,,,,not_found,nominatim,municipio_isla,,LANZAROTE,
6d927b842ac840a1,"Rambla Medular, 50, 1ª planta, 12. 35500.Arrecife., 35500, Arrecife, LANZAROTE, Las Palmas, Canarias, Espana",nominatim,,,,not_found,nominatim,direccion_completa,,LANZAROTE,
250e7eeba4aadde4,"Calle Puerto Rico, 8. 35500.Arrecife. Calle José Viera y Clavijo, 12. 35500.Arrecife Carretera General de los Abrigos, 164. Casa del Caminero.Aldea Calle Senecio, 9, Santa Bárbara. Icod de losVinos. Calle Henry Dunant, sin número, 38203. San Cristóbal de LaLa-, 35500, San Cristóbal de LaLa-, LANZAROTE, Las Palmas, Canarias, Espana",nominatim,,,,not_found,nominatim,direccion_completa,,LANZAROTE,
139f4316e1a31b52,"35500, San Cristóbal de LaLa-, LANZAROTE, Las Palmas, Canarias, Espana",nominatim,,,,not_found,nominatim,municipio_isla,,LANZAROTE,
11a0dc29a86820c5,"Carretera del Sobradillo, 12C, Local 5, 38107, Santa Cruz deTenerife., 38107, Santa Cruz deTenerife, TENERIFE, Santa Cruz de Tenerife, Canarias, Espana",nominatim,,,,not_found,nominatim,direccion_completa,,TENERIFE,
0193a633406391dd,"38107, Santa Cruz deTenerife, TENERIFE, Santa Cruz de Tenerife, Canarias, Espana",nominatim,,,,not_found,nominatim,municipio_isla,,TENERIFE,
cd146c9c3fc6a623,"38107, TENERIFE, Santa Cruz de Tenerife, Canarias, Espana",nominatim,28.4044462,-16.3330086,"España, Calle España, Tabaiba, El Rosario, Santa Cruz de Tenerife, Canarias, 38190, España",ok,nominatim,codigo_postal,5.199282825966304e-5,TENERIFE,TRUE
2ee4bdcf92fbc577,"Calle Gara y Jonay, 1, 38010. Santa Cruz deTenerife., 38010, Santa Cruz deTenerife, TENERIFE, Santa Cruz de Tenerife, Canarias, Espana",nominatim,,,,not_found,nominatim,direccion_completa,,TENERIFE,
747d383353c5ae3a,"Calle Henry Dunant, sin número, 38203. San Cristóbal de LaLagu- na. Centro de Entidades de Voluntariado y AsociacionesAnchieta. Calle Poeta Pedro Bethencourt Padilla, sin número. Avenida laSa- Calle Buenaventura Bonnet, 17, 38008. Santa Cruz deTenerife. Avenida Modesto Hernández, 63. Las Chafiras. San Miguelde Avenida Ámsterdam, 3. Residencial San Marino Local 2.Arona. Rambla de Añaza, 3. Santa Cruz deTenerife. Calle Tomás Zerolo,12, 38300. LaOrotava. Carretera Los Llanos, sin número, 38600. Granadilla deAbona. Calle Añate. Trasera Parque del Pinar, 38380. La Victoriade Avenida an Sebastián, 3. Planta 4a 38003. Santa Cruz deTenerife. Calle Zurbarán, 6, 38108, Los Andenes. San Cristóbal de LaLaguna. Calle Zurbarán, 6, 38108. San Cristóbal de LaLaguna. Carretera General La Laguna, Punta del Hidalgo Km. 8, 1,38280 Avenida San Sebastián, 3. Santa Cruz deTenerife Calle Méndez Núñez, 64, 1 izquierda, 38002, Santa Cruz deTenerife. Calle Don Quijote, 36. Local. 38203, San Cristóbal de LaLaguna. Calle Bethencourt Afonso, 30, Santa Cruz deTenerife. Calle Suárez Guerra,19, 38003. Santa Cruz deTenerife., 38203, Santa Cruz deTenerife, TENERIFE, Santa Cruz de Tenerife, Canarias, Espana",nominatim,,,,not_found,nominatim,direccion_completa,,TENERIFE,
e3891ccbf2350852,"38203, Santa Cruz deTenerife, TENERIFE, Santa Cruz de Tenerife, Canarias, Espana",nominatim,,,,not_found,nominatim,municipio_isla,,TENERIFE,
3948bfe3024a01fe,"No tienen sedefísica. Calle Pedro Modesto Campos, 4. Edificio Los Dragos, Locales5 Calle La Laguna, 10, 38500.Güímar. San Francisco, 5. Edificio Santander, planta 7. 38002.Santa Calle Henry Dunant, sin número, 38203. San Cristóbal deLa Camino del Hierro, 120 viviendas, Bloque I, locales 1 y 3,38009, Avenida Príncipes de España, bloque C, Local 8, 38010.Santa, 38500, Santa, TENERIFE, Santa Cruz de Tenerife, Canarias, Espana",nominatim,,,,not_found,nominatim,direccion_completa,,TENERIFE,
6a5e40452b4d54ae,"38500, Santa, TENERIFE, Santa Cruz de Tenerife, Canarias, Espana",nominatim,28.3349101,-16.4217764,"Avenida de los Reyes de España, Costilla, Arafo, Santa Cruz de Tenerife, Canarias, 38550, España",ok,nominatim,municipio_isla,0.05338544823376818,TENERIFE,TRUE
41749a20da0b345d,"Calle Ramón Trujillo Torres, 9, bajo, 38007. Santa Cruz deTenerife. Calle Henry Dunant, sin número, 38203. San Cristóbal deLa Calle Radio Aficionados, 5, Local 1-3, 38320 San Cristóbal deLa Calle José Hernández Alfonso, 10 - 5º Izquierda., Santa Cruzde Calle Henry Dunant, sin número, 38203. San Cristóbal deLa Calle Tinguaro, sin número. Complejo Deportivo IslasCanarias. Calle Pérez Díaz, 56. La Victoria deAcentejo. Camino La Hornera, 74, 38205 La Laguna, Santa Cruz deTenerife., 38007, Santa Cruz deTenerife, TENERIFE, Santa Cruz de Tenerife, Canarias, Espana",nominatim,,,,not_found,nominatim,direccion_completa,,TENERIFE,
73056327975c3097,"38007, Santa Cruz deTenerife, TENERIFE, Santa Cruz de Tenerife, Canarias, Espana",nominatim,,,,not_found,nominatim,municipio_isla,,TENERIFE,
0be0fe6efd8b573e,"38007, TENERIFE, Santa Cruz de Tenerife, Canarias, Espana",nominatim,28.4670666,-16.2467142,"Plaza de España, El Toscal, Centro-Ifara, Santa Cruz de Tenerife, Canarias, 38002, España",ok,nominatim,codigo_postal,0.3002719692158251,TENERIFE,TRUE
fac3509bb5ea45ce,"Los Olivos, Calle Luján Pérez, 22, Local C, 38670Adeje., Local C, Canarias, Espana",nominatim,,,,not_found,nominatim,direccion_completa,,,
31b0618657dccf69,"Local C, Canarias, Espana",nominatim,,,,not_found,nominatim,municipio_isla,,,
1375a92151c283a6,"Camino San Francisco de Paula, 118. Los Baldíos, 38291.San Cristóbal de LaLaguna. Calle Benito Pérez Galdós, 123, 38203. San Cristóbal de LaLagu- Avda. Libertad, Edificio. Araucaria 18. Local E 4, LosMajuelos, Avenida Príncipes de España, vivienda 148, Local 23, 38010San- Avenida Inmaculada Concepción, 17. Esquina Samoga,38360. Calle Henry Dunant, sin número, 38203. San Cristóbal deLa Camino San Miguel de Geneto, 73, 38296, San Cristóbal deLa Calle Añate sin número, 38380. La Victoria deAcentejo Avenida Guía de Isora sin número, 38685, Tejina de Isora,Guía Calle San Vicente Ferrer, 31, Santa Cruz deTenerife. Calle San Felipe, 89. Edificio Chavito,local bajo. Puerto de laCruz., 38291, Puerto de laCruz, TENERIFE, Santa Cruz de Tenerife, Canarias, Espana",nominatim,,,,not_found,nominatim,direccion_completa,,TENERIFE,
6faf8287862d9498,"38291, Puerto de laCruz, TENERIFE, Santa Cruz de Tenerife, Canarias, Espana",nominatim,,,,not_found,nominatim,municipio_isla,,TENERIFE,
da26fe344e50681e,"38291, TENERIFE, Santa Cruz de Tenerife, Canarias, Espana",nominatim,28.4742815,-16.297822,"Finca España, La Cuesta, San Cristóbal de La Laguna, Santa Cruz de Tenerife, Canarias, 38329, España",ok,nominatim,codigo_postal,0.14672908598458834,TENERIFE,TRUE
c512c71c690f7af5,"Avenida Príncipes de España, Locales 29 y 30, 38010 SantaCruz deTenerife. Carretera del Sobradillo, 45, local izquierdo, 38107, SantaCruz, 38010, SantaCruz, TENERIFE, Santa Cruz de Tenerife, Canarias, Espana",nominatim,,,,not_found,nominatim,direccion_completa,,TENERIFE,
98f20e1c19dc5a86,"38010, SantaCruz, TENERIFE, Santa Cruz de Tenerife, Canarias, Espana",nominatim,,,,not_found,nominatim,municipio_isla,,TENERIFE,
691b57442d4b7b97,"Calle Oregón, 5, 38650. Los Cristianos.Arona., 38650, Arona, Santa Cruz de Tenerife, Canarias, Espana",nominatim,,,,not_found,nominatim,direccion_completa,,,
5c8cfa5b575e3dd9,"38650, Arona, Santa Cruz de Tenerife, Canarias, Espana",nominatim,28.0546409,-16.7193521,"38650, Arona, Santa Cruz de Tenerife, Canarias, España",ok,nominatim,municipio_isla,0.12000999999999996,,
d9c16391bd4c7de2,"Avenida Ámsterdam, urbanización San Marino, 3, Local 1,Los Cristianos,38650,Arona., 38650, Arona, Santa Cruz de Tenerife, Canarias, Espana",nominatim,,,,not_found,nominatim,direccion_completa,,,
e311c5f053a25a6a,"Calle San Vicente Ferrer, 69, 38001, Santa Cruz deTenerife., 38001, Santa Cruz deTenerife, TENERIFE, Santa Cruz de Tenerife, Canarias, Espana",nominatim,,,,not_found,nominatim,direccion_completa,,TENERIFE,
734abca15ea153bb,"38001, Santa Cruz deTenerife, TENERIFE, Santa Cruz de Tenerife, Canarias, Espana",nominatim,,,,not_found,nominatim,municipio_isla,,TENERIFE,
761b0e2c10bb94c9,"38001, TENERIFE, Santa Cruz de Tenerife, Canarias, Espana",nominatim,28.4670666,-16.2467142,"Plaza de España, El Toscal, Centro-Ifara, Santa Cruz de Tenerife, Canarias, 38002, España",ok,nominatim,codigo_postal,0.3002719692158251,TENERIFE,TRUE
ac5f4c46f1ee29da,"Calle Henry Dunant, sin número, 38203. San Cristóbal deLa Laguna. Centro de Entidades de Voluntariado y AsociacionesAnchieta. Calle La Cardonera. Antón Guanche, Local Bajo 3.Candelaria. Calle Zurbarán, 7, 38108. San Cristóbal de LaLaguna. Cooperativa Icodense, 2, 38430. Icod de losVinos. Calle Cruz Caridad, 42, 38340.Tacoronte. Rambla de Santa Cruz, 73, 38004. Santa Cruz deTenerife. Calle Tabaiba, 23, 38760, Los Llanos deAridane. Urbanización Los Rosales, 11. Los Cancajos, 38712. BreñaBaja. Calle Gumersindo Galván de las Casas, 5, 38712, BreñaBaja., 38203, BreñaBaja, TENERIFE, Santa Cruz de Tenerife, Canarias, Espana",nominatim,,,,not_found,nominatim,direccion_completa,,TENERIFE,
b3ab64b953916cdb,"38203, BreñaBaja, TENERIFE, Santa Cruz de Tenerife, Canarias, Espana",nominatim,,,,not_found,nominatim,municipio_isla,,TENERIFE,
fa73b6283368cd95,"Calle Tanausú, 2 Edificio Europa, local 5. Los Llanos deAridane. Su sede principal está en Tenerife, en Avenida San Sebastián,3. Calle Maribel Nazco, 1, 38760, planta 1, puerta 6. Los Llanosde Calle Plaza de la Constitución, 4. Edificio de uso múltiples,6ª La sede física está en Tenerife en el Camino del Hierro, 120vi- La sede está en Tenerife en la Calle Henry Dunant, sinnúmero,, 38760, sinnúmero, LA PALMA, Santa Cruz de Tenerife, Canarias, Espana",nominatim,,,,not_found,nominatim,direccion_completa,,LA PALMA,
b197f9d0ba3b4730,"38760, sinnúmero, LA PALMA, Santa Cruz de Tenerife, Canarias, Espana",nominatim,,,,not_found,nominatim,municipio_isla,,LA PALMA,
840e4cbff1bb6f23,"38760, LA PALMA, Santa Cruz de Tenerife, Canarias, Espana",nominatim,28.6818901,-17.7663354,"Santa Cruz de La Palma, Santa Cruz de Tenerife, Canarias, 38700, España",ok,nominatim,codigo_postal,0.4796415757684436,LA PALMA,TRUE
aedb1420a70e0986,"Calle Blas Pérez González, Nº 34, 2º Izquierda. 38710, BreñaAlta. Calle Eusebio Barreto, Urbanización, 29 de octubre - Bloque2, 38710, BreñaAlta, LA PALMA, Santa Cruz de Tenerife, Canarias, Espana",nominatim,,,,not_found,nominatim,direccion_completa,,LA PALMA,
26326acd5c96bf15,"38710, BreñaAlta, LA PALMA, Santa Cruz de Tenerife, Canarias, Espana",nominatim,,,,not_found,nominatim,municipio_isla,,LA PALMA,
3557500820276b6d,"38710, LA PALMA, Santa Cruz de Tenerife, Canarias, Espana",nominatim,28.6833197,-17.764817,"Plaza de España, El Puente, Casco Antiguo, Santa Cruz de La Palma, Santa Cruz de Tenerife, Canarias, 38700, España",ok,nominatim,codigo_postal,0.05338470054169524,LA PALMA,TRUE
e673b381225028c4,"Avenida El Puente, 29, 38700, Santa Cruz de LaPalma. Se encuentran en dos municipios: La Tisera 1, CalleRamón Calle Félix Duarte Pérez, 14. Local 1, 38712, BreñaBaja. Camino Las Piteras, 22. Los Llanos deAridane. La sede está en Tenerife en la Calle Henry Dunant, sinnúmero, La sede física está en Tenerife en: Camino del Hierro, 120vivien- Avenida José Aguiar, 0, 38800. San Sebastián de LaGomera. Su sede principal está en Tenerife, en la Calle San VicenteFerrer,, 38700, en la Calle San VicenteFerrer, LA PALMA, Santa Cruz de Tenerife, Canarias, Espana",nominatim,,,,not_found,nominatim,direccion_completa,,LA PALMA,
6ecc808cc50b0693,"38700, en la Calle San VicenteFerrer, LA PALMA, Santa Cruz de Tenerife, Canarias, Espana",nominatim,,,,not_found,nominatim,municipio_isla,,LA PALMA,
e685258eb10e57c2,"Calle Isla de La Palma, 6. LaFrontera. Es gestionado por la empresa privadaCLECE La sede está en Tenerife en la Calle Henry Dunant, sinnúmero,, sinnúmero, Canarias, Espana",nominatim,,,,not_found,nominatim,direccion_completa,,,
74d02a1b668c5640,"sinnúmero, Canarias, Espana",nominatim,,,,not_found,nominatim,municipio_isla,,,
